plot ID,dry weight 1 shoot plus bag
129.52.10,73.11
111.52.10,73.48
112.52.6,68.47
73.54.16,77.17
59.40.12,76.68
64.54.13,76.99
40.55.13,72.77
20.51.7,82.72
116.52.7,68.6
129.52.15,77.74
28.55.16,78
64.54.8,76.07
37.55.3,72.11
109.52.16,82.31
116.52.12,70.68
59.40.5,79.35
57.40.16,77.1
64.54.4,76.41
115.52.10,69.27
35.55.10,71.73
52.40.6,74.9
53.40.1,77.59
41.55.9,73.68
40.55.11,71.72
55.40.9,77.64
111.52.1,78.59
74.54.3,75.85
58.40.13,71.65
116.52.5,74.24
112.52.7,76.04
52.40.13,76.63
37.55.15,77.17
55.40.3,83.48
41.55.1,76.17
58.40.15,79.16
76.54.15,78.37
129.52.13,70.33
33.51.5,75.9
128.52.2,74.39
37.55.10,75.86
110.52.14,75.39
41.55.5,70.07
27.34.4,79.84
27.55.12,75.79
59.40.3,74.21
41.55.12,74.9
55.40.13,71.74
111.52.3,74.53
131.52.6,78.55
75.54.9,76.69
64.54.14,76.24
132.52.8,77.69
109.52.1,77.05
64.54.16,76.68
109.52.9,76.13
116.52.4,76.76
64.54.7,80.68
130.52.16,73.53
27.55.4,74.06
51.40.1,69.4
131.52.2,76.98
25.34.12,78.23
80.54.4,75.25
58.40.6,76.70
109.52.15,77.88
36.55.1,71.73
36.55.13,74.19
36.55.9,71.48
34.55.15,74.15
80.54.1,77.32
36.55.7,74.09
27.55.10,75.63
34.55.16,72.59
64.54.6,76.58
131.52.7,74.22
41.55.10,71.15
51.40.2,74.09
37.55.12,74.06
58.40.4,75.97
59.40.2,75.51
131.52.4,72.88
109.52.12,73.15
73.54.12,89.79
40.55.12,71.88
51.40.4,78.35
75.54.13,78.78
55.40.10,81.82
116.52.9,77.73
55.40.6,75.28
129.52.14,73.62
119.48.1,94.5
35.55.8,69.96
58.40.8,78.81
41.55.11,73.41
34.34.14,80.41
52.40.14,82.81
28.55.12,69.06
36.55.15,72.64
58.40.7,73.22
51.40.5,72.88
58.40.14,77.56
41.55.3,70.64
115.52.15,74.98
80.54.16,76.28
80.54.5,74.4
111.52.5,77.03
54.40.1,81.71
115.52.14,75.15
38.55.5,76.67
116.52.1,81.95
36.55.8,69.69
112.52.16,75.79
52.40.12,80.16
41.55.6,73.97
41.55.14,72.25
38.55.8,73.66
35.55.1,75.63
58.40.5,79.31
130.52.11,75.2
55.40.7,80.17
37.55.8,71.36
115.52.11,73.69
76.54.1,79.69
79.54.2,81.48
35.55.2,72.92
34.55.8,72.13
66.54.16,75.23
38.55.4,75.38
35.55.4,73.01
109.52.13,73.19
79.54.3,79.13
27.55.2,78.32
80.54.12,76.35
64.54.3,78.7
27.55.1,71.9
80.54.10,73.74
34.55.5,70.38
27.55.16,74.37
73.54.6,85.9
40.55.6,72.86
74.54.14,76.68
116.52.14,76.44
38.55.3,72.96
113.52.5,76.36
31.55.9,70.75
109.52.4,72.72
75.54.6,71.52
58.40.1,75.69
109.52.10,75.1
28.55.14,69.59
131.52.13,80.91
74.54.1,16.1
26.55.16,17.23
36.55.2,17.65
 130.52.1,21.4
74.54.11,14.03
41.55.4,15.23
116.52.11,16.05
40.55.1,15.63
58.40.11,19.94
132.52.14,26.82
109.52.5,14.81
109.52.11,20.97
28.55.11,15.3
115.52.12,13.44
132.52.10,11.81
80.54.6,19.69
128.52.12,20.07
32.34.16,25.27
77.54.2,19.68
26.55.15,12.76
32.34.2,32.05
132.52.5,24.25
38.55.15,17.99
24.55.9,13.56
115.52.7,19.48
60.40.12,17.11
132.52.6,23.44
41.55.2,14.9
74.54.6,28.6
53.40.4,26.34
132.52.9,23.44
34.55.9,16.03
131.52.5,18.21
27.55.5,20.69
110.52.8,13.72
80.54.15,18.04
130.52.8,19.49
34.51.7,12.59
131.52.9,20.77
36.55.14,13.21
26.55.14,13.26
80.54.11,19.47
116.48.5,33.26
31.55.8,15.86
59.40.16,20.38
37.55.5,14.51
114.52.6,14.75
28.55.10,15.82
37.55.9,12
31.55.1,15.1
112.52.3,13.8
68.54.9,23.66
25.55.16,18.67
24.55.5,13.77
110.52.10,14.15
36.55.3,16.15
55.40.14,20.28
73.54.1,21.01
16.34.15,21.79
119.48.5,18.59
77.54.6,12.28
27.55.6,17.4
32.55.16,14.07
74.54.10,16.48
113.52.8,17.65
76.54.11,22.69
64.54.15,15.54
55.40.2,24.8
35.55.11,13.57
55.40.15,22.06
116.52.3,15.84
34.55.3,15.09
66.54.9,16.64
53.40.9,17.66
80.54.14,19.01
27.55.7,20.17
114.48.3,30.28
57.40.4,19.84
23.55.2,15.18
27.55.9,15.63
25.51.10,16.95
60.40.14,18
40.51.2,16.74
55.40.1,24.48
44.51.1,22.28
41.51.6,14.97
19.51.8,26.59
19.51.3,25.07
37.24.19,30.47
77.50.16,16.86
76.50.3,14.76
80.50.13,18.78
29.51.13,14.67
34.34.8,31.43
20.51.11,28.18
114.48.6,28.95
66.54.13,23.88
52.40.15,15.15
60.40.9,27.95
112.48.4,31.57
53.40.10,31.63
131.52.12,15.76
36.34.6,31.96
57.40.10,15.98
38.55.2,16.31
65.54.2,15.93
32.34.9,28.06
76.54.16,16.55
80.54.3,18.24
28.34.11,28.21
55.40.12,21.22
113.48.16,23.68
114.52.16,15.05
67.54.9,12.78
43.24.16,31.06
56.40.6,14.1
112.48.3,15.28
76.54.2,24.42
44.51.12,17.49
81.50.13,21.79
44.51.11,18.74
29.51.11,19.12
25.55.15,18.2
33.55.8,14.1
59.40.8,19.56
23.55.5,15.63
57.40.14,15.09
33.34.5,12.7
34.51.15,13.83
32.55.14,13.77
31.51.2,16.91
34.55.1,13.53
18.51.16,18.64
87.50.5,23.6
130.52.15,15.51
112.48.11,23.39
119.48.15,28.44
19.34.5,25.48
32.51.6,20.17
112.48.5,20.66
27.55.11,16.08
110.48.9,19.89
56.40.14,21.33
112.52.10,16.03
29.34.14,17.64
60.40.7,19.89
79.54.16,17.42
16.34.12,29.7
33.51.2,11.99
60.40.4,20.83
113.52.6,17.12
113.52.9,15.23
29.51.3,13.81
75.50.6,21.25
111.48.9,28.45
117.48.12,24.4
132.52.3,19.96
80.50.2,24.15
29.51.4,14.75
36.55.10,14.88
78.50.12,17.96
31.51.14,18.08
18.51.11,16.21
26.34.2,19.14
42.51.13,13.06
24.55.16,12.23
36.34.15,27.81
129.52.11,16.36
74.54.9,22.45
16.34.14,20.76
113.48.9,19.66
116.52.15,21.33
27.34.3,28.65
18.51.5,15.27
20.51.14,21.08
113.48.7,26.93
114.48.15,26.37
65.54.13,23.28
25.34.16,29.67
79.54.10,20.17
44.51.2,19.52
24.51.8,18.69
26.51.15,18.09
18.34.10,21.36
 56.40.7,18.35
39.24.13,34.9
29.34.8,26.68
110.48.14,25.76
19.51.5,18.73
19.51.1,25.28
23.51.10,25.84
25.34.9,12.82
37.24.14,25.36
25.51.16,16.17
33.55.15,14.65
24.51.10,19.01
18.51.10,14.09
111.48.6,31.48
50.40.1,22.96
24.55.14,13.05
27.51.16,20.46
111.48.4,36.25
78.54.13,19.85
43.51.11,19.62
24.55.6,12.95
31.34.2,29.23
110.52.9,18.6
25.51.13,14.26
27.34.2,17.49
78.54.14,18.33
18.34.3,21.75
41.24.6,26.61
74.54.2,19.19
87.50.8,24.65
29.51.10,17.82
109.48.11,19.61
29.51.15,13.88
78.50.1,22.46
42.51.12,17.05
24.51.6,18.28
36.51.16,17.63
80.50.8,20.08
27.51.7,19.78
27.55.8,22.9
23.51.1,19.96
30.51.8,19.14
44.51.5,19.12
23.51.12,27.05
32.51.9,23.88
24.51.9,23.52
20.51.4,23.27
19.51.2,24.52
57.40.12,17.52
25.51.14,13.5
20.51.9,27.26
20.51.10,28.13
73.50.5,19.33
38.24.11,21.84
73.50.9,22.54
77.50.8,15.43
83.50.7,13.97
86.50.15,13.48
76.50.7.A,16.77
30.51.10,14.99
30.51.3,19.41
41.24.16,19.58
38.24.16,33.33
32.51.15,25.44
38.24.9,16.71
83.50.14,17.88
24.51.1,26.29
86.50.8,14.07
29.51.16,19.44
113.52.15,13.79
110.52.1,18.49
24.51.11,22.12
51.40.9,20.98
42.24.13,18.21
18.34.1,26.73
35.34.5,21.64
19.34.7,25.72
73.50.3,14.73
32.51.8,16.73
 29.34.11,26.9
75.54.12,14.34
73.54.15,11.92
32.51.16,14.62
43.24.15,17.46
37.24.6,25.96
74.50.8,27.96
35.34.12,19.31
86.50.9,15.21
42.24.12,26.51
 30.51.2,18.26
85.50.16,17.56
83.50.9,22.45
78.50.9,23.43
24.51.14,23.81
86.50.7,23.53
118.48.3,24.5
84.50.13,19.7
84.50.2,19.61
37.24.17,43.53
31.34.6,13.94
82.50.5,22.79
37.24.7,23.89
24.51.16,22.99
38.24.10,25.79
73.50.7,22.09
85.50.1,18.51
42.24.9,22.22
42.24.10,19.63
78.54.7,23.56
56.40.1,17.24
119.48.2,28.68
44.24.10,25.9
66.54.1,15.46
42.24.15,14.04
85.50.3,17.6
84.50.4,20.35
87.50.13,19.51
42.24.14,29.4
50.40.8,28.44
41.24.11,34.69
39.24.5,30.23
42.24.16,26.83
85.50.7,24.91
112.52.15,15.1
74.50.11,23.84
 82.50.9,11.63
74.50.12,16.45
27.51.5,14.67
24.51.7,22.24
30.34.4,28.3
79.50.7,19.4
78.50.13,16
110.52.15,23
86.50.11,14.56
80.50.11,21.2
64.54.1,13.72
33.55.12,12.91
31.34.16,25.37
24.51.13,17.46
20.34.2,24.47
83.50.10,20.36
18.34.7,18.78
115.48.5,25.3
73.50.14,23.45
44.24.8,27.02
73.50.1,17.67
40.55.2,14.2
32.51.3,21.14
51.40.6,13.13
68.54.14,19.69
83.50.15,24.35
24.51.3,14.74
27.55.13,13.07
74.50.14,19.7
27.51.10,19.43
83.50.1,22.53
130.52.7,20.52
37.24.3,21.23
111.52.4,22.31
52.40.4,17.34
20.51.15,24.25
33.34.9,22.58
128.52.7,10.92
112.48.14,19.66
87.50.14,18.96
50.40.7,20.87
23.55.15,20.33
54.40.11,18.87
77.54.5,26.2
30.51.7,16.05
41.24.4,17.12
82.50.12,15.59
114.52.15,12.36
27.34.14,25.79
111.52.6,16.27
68.54.2,26.64
56.40.9,16.7
27.34.7,16.41
75.50.11,20.29
65.54.10,17.65
20.51.1,24
28.34.15,26.03
38.24.8,26.26
116.48.1,21.83
109.48.8,19.05
60.40.3,18.07
39.24.7,23.47
34.51.5,12.88
32.34.7,29.1
35.51.4,22.54
33.55.13,13.46
30.34.16,22.4
26.51.6,15.92
26.51.4,19.91
110.52.5,16.05
34.55.13,16.06
25.51.8,15.25
114.48.7,24.88
34.51.6,16.47
58.40.2,14.82
128.52.11,20.63
52.40.3,20.96
112.52.5,14.96
21.51.7,18.78
81.50.5,24.97
43.24.13,24.55
128.52.16,18.35
81.50.1,17.23
18.34.9,24.85
39.55.8,23.9
86.50.2,15.94
77.54.3,21.75
28.34.6,21.2
65.54.6,24.2
19.34.10,16.59
116.48.6,30.65
130.52.14,12.1
19.34.4,27.38
34.34.1,26.13
33.34.1,22.3
33.51.15,15.76
60.40.15,21.07
83.50.11,18.79
26.34.12,27.56
18.34.15,27.44
21.51.2,17.37
111.48.16,23.68
73.50.10,20.07
115.48.13,23.51
110.52.7,13.19
50.40.14,22.66
35.34.14,32.1
25.55.2,14.99
17.34.7,13.55
33.34.4,26.43
64.54.12,19.86
34.34.6,22.95
67.54.4,19.95
19.34.15,23.06
68.54.6,20.67
25.34.3,31.96
78.54.10,18.57
118.48.9,24.77
118.48.16,19.84
36.34.7,27.6
19.34.11,27.99
32.55.1,14.73
84.50.8,18.22
112.48.1,27.84
75.50.8,21.94
51.40.8,23.8
82.50.16,18.35
111.52.7,18.94
32.55.13,12.92
115.48.7,18.38
85.50.2,21.45
17.34.11,29.09
29.34.7,22.57
37.24.10,29.76
39.24.2,24.88
40.55.9,14.61
57.40.13,12.54
41.24.1,29.16
73.50.13,19.09
82.50.10,21.27
119.48.3,27.5
65.54.3,13.39
84.50.5,21.88
112.52.14,12.07
33.34.6,17.82
28.34.2,21.8
60.40.11,18.83
23.51.3,20.97
116.52.6,16.09
44.24.6,22.83
33.51.7,13.46
113.52.11,16.79
63.54.14,19.34
19.34.14,24.74
24.55.2,15.34
25.34.1,20.46
40.24.12,19.7
36.34.4,22.74
128.52.8,11.6
116.48.9,26.92
82.50.14,18.61
38.55.16,16.19
83.50.6,19.26
74.50.7,32.47
83.50.12,20.17
16.34.9,20.21
81.50.10,19.29
87.50.16,20.7
84.50.9,22.05
25.34.15,27.14
118.48.8,19.82
31.34.10,27.92
26.51.2,22.36
74.50.3,20.35
42.24.2,23.69
41.51.8,10.69
82.50.13,18.74
26.51.1,15.16
39.24.10,28.82
25.51.5,16.4
110.52.3,15.79
60.40.13,25.83
18.51.13,17.27
44.24.16,21.69
77.50.6,16.4
31.34.1,19.72
40.24.14,25.39
30.51.6,12.82
66.54.10,22.1
81.50.8,20.27
35.51.6,18.76
20.34.1,41.09
79.50.3,18.91
83.50.5,16.49
78.50.11,21.83
28.55.3,18.24
29.51.9,16.96
83.50.3,19.66
67.54.3,14.42
87.50.9,20.24
16.34.8,20.57
19.34.16,34
78.54.4,29.6
16.34.5,27.71
117.48.10,21.86
30.51.9,20.78
111.48.10,25.69
73.50.11,20.07
33.51.9,12.02
130.52.10,20.96
79.50.1,26.29
116.48.14,33.33
25.34.4,31.45
116.52.2,13.07
18.51.9,3.16
68.54.15,20.84
109.48.4,26.27
23.55.4,12.51
117.48.9,12.84
112.48.12,19.64
16.34.3,30.22
112.52.12,17.4
67.54.6,12.28
18.34.14,22.35
29.34.3,35.67
30.34.1,30.36
51.40.16,25.61
19.34.1,24.41
118.48.13,25.03
56.40.3,19.49
75.54.10,17.7
38.55.1,14.63
117.48.8,15.05
25.55.14,15.96
118.48.11,21.51
131.52.8,22.08
26.34.4,16.68
30.34.5,29.1
40.55.14,14.53
38.24.7,33.1
79.54.1,18.3
53.40.11,28.16
44.51.4,19.93
30.34.12,14.91
57.40.9,20.64
68.54.4,21.97
33.51.10,19.87
34.51.3,13.98
25.34.13,12.05
40.51.1,15.5
23.51.6,17.37
57.40.1,20.98
41.24.14,22.67
75.54.4,18.55
129.52.6,19.69
57.40.2,15.72
16.34.11,20.23
75.50.15,17.05
74.50.16,22.9
40.24.13,13.9
85.50.11,27.77
32.51.13,20.15
21.51.6,16.54
38.55.10,13.07
31.55.12,12.58
109.48.15,18.28
76.50.7.B,19.23
109.52.6,20.59
25.34.11,25.93
59.40.13,17.83
85.50.13,12.75
56.40.16,13.44
29.34.2,23.66
114.52.11,23.64
78.54.15,24.71
25.55.3,16.54
63.54.1,19.6
128.52.6,22.44
65.54.15,19.54
66.54.4,20.98
16.34.2,28.76
25.34.5,24.14
129.52.5,13.69
40.55.3,15.35
30.34.3,20.84
112.52.13,17.03
32.55.3,10.92
109.48.5,17.2
76.50.2,29.88
76.54.3,19.68
41.51.9,15.91
78.54.11,14.9
33.34.16,25.18
116.48.12,39.65
42.51.1,25.24
33.55.3,10.76
109.48.12,30.14
76.50.8,21.74
76.50.15,20.44
43.24.12,24.12
34.34.13,21.99
115.48.11,20.16
76.50.1,23.47
52.40.7,24.98
28.55.5,17.9
77.50.1,18.54
41.51.3,12.12
43.24.11,25.31
35.55.12,14.18
39.24.15,31.15
59.40.15,17.4
35.55.5,14.18
75.50.4,22.98
28.34.16,19.42
74.50.5,21.7
132.52.7,24.81
29.51.7,17.49
35.55.13,14.55
25.51.6,15.38
28.51.8,15.17
36.51.13,20.54
19.51.15,18.89
27.55.3,14.38
18.51.3,19.3
119.48.7,26.94
38.24.1,17.33
85.50.8,18.84
18.51.14,22.17
34.55.4,16.76
31.51.7,16.23
40.51.12,14.74
20.34.3,19.86
32.51.7,21.71
35.51.9,20.89
76.54.4,20.98
65.54.1,16.09
115.52.2,14.1
32.55.2,16.59
74.54.4,26.69
42.51.6,23.2
66.54.2,15.59
17.34.9,37.3
19.34.6,31.42
113.48.1,32.32
31.51.6,21.48
32.34.8,26.71
113.52.1,15.76
20.51.12,20.31
30.34.7,19.08
34.51.4,15.44
31.55.14,16.49
31.51.10,20.17
35.34.9,20.02
33.55.14,14.46
19.51.13,12.75
81.50.16,17.32
75.54.15,20.69
18.51.8,16.93
40.24.2,25.3
25.55.11,14.9
44.24.15,26.97
87.50.4,20.78
54.40.16,14.42
41.24.12,17.77
42.24.11,32.5
44.51.14,21.69
35.51.8,16.33
40.51.5,12.92
41.24.5,16.78
36.51.9,17.42
26.51.8,14.15
79.50.4,12.98
31.55.4,15.48
67.54.7,14.72
28.51.7,18.43
36.51.15,19.9
31.55.3,13.12
43.51.9,14.98
27.51.14,16.11
18.51.12,16.14
25.51.4,13.92
25.51.1,20.92
30.51.15,15.85
31.51.5,23.35
34.34.11,22.23
40.51.4,18.39
40.51.15,13.12
38.24.6,31.04
20.34.11,26.6
29.51.6,14.57
30.51.14,23.47
36.51.6,21.68
26.51.3,19.06
40.24.15,16.58
36.51.1,24.42
28.55.13,15.13
40.51.13,16.79
36.51.3,23.49
73.54.14,14.8
30.51.15,17.68
115.48.15,12.39
58.40.16,15.22
43.24.4,19.67
28.51.1,15.96
43.51.10,19.18
27.51.8,19.7
36.51.2,19.69
40.51.11,19.13
20.51.5,24.99
43.51.5,24.78
43.51.1,22.81
43.51.4,14.18
30.34.11,32.22
37.24.1,26.87
75.54.14,17.27
67.54.5,18.2
84.50.7,20.3
84.50.16,17.56
116.48.7,23.11
37.24.15,16.6
114.48.8,19.88
27.55.15,18.23
32.34.3,27.72
36.34.5,30.93
76.54.14,15.9
76.50.10,27.29
67.54.2,12.88
110.48.11,23.6
76.50.4,22.4
33.51.4,18.16
32.55.10,13.7
33.34.12,20.06
60.40.1,19.95
36.55.11,13.33
130.52.12,16.96
35.34.8,22.24
39.24.8,26.28
110.52.4,21.5
28.34.4,18.17
116.48.2,22.55
114.48.5,25.45
26.34.3,19.29
34.51.2,16.43
36.34.14,24.97
114.52.10,15.15
65.54.4,17.56
67.54.10,16.34
19.51.14,16.5
59.40.10,17.36
44.51.16,18.97
31.51.11,21.27
87.50.10,18.46
132.52.2,13.96
32.51.10,21.37
25.55.13,16.78
26.51.13,16
131.52.3,21.98
31.34.11,18.71
86.50.16,14.73
18.51.2,16.79
114.52.1,21.37
30.34.10,27.35
26.34.16,22.67
16.34.16,26.54
21.51.13,19.14
35.51.5,13.4
110.52.16,16.85
23.55.11,15.63
118.48.12,22.29
25.55.7,12.48
23.55.10,10.81
30.34.13,24.48
130.52.13,17.88
26.55.2,19.28
128.52.5,18.84
114.52.12,13.41
20.51.3,27.37
54.40.15,17.95
38.55.12,19.26
78.50.10,17.13
87.50.15,19.91
50.40.13,21.91
58.40.12,21.4
113.48.12,20.14
129.52.7,18.92
33.55.2,14.8
78.54.1,15.65
78.54.2,12.7
57.40.8,21.42
114.52.3,17.05
31.55.2,14.02
17.34.16,24.4
113.48.14,20.29
78.54.6,14.26
18.51.1,19.53
68.54.10,24.42
37.24.11,11.12
37.24.12,12.39
37.24.4,19.55
31.34.12,24.6
37.24.2,40.73
42.24.1,26.59
68.54.13,16.83
51.40.10,12.63
118.48.1,35.26
42.24.8,27.19
111.52.2,17.48
119.48.11,33.09
86.50.4,18.41
26.34.8,28
128.52.15,16.28
38.55.11,21.68
113.48.3,27.39
110.48.4,25.45
110.48.7,24.46
50.40.11,16.28
128.52.4,17.58
33.55.11,11.53
80.54.9,13.96
40.24.9,20.9
16.34.4,35.03
31.34.4,25.75
114.52.9,14.73
18.34.2,33.05
56.40.8,16.89
36.34.11,14.53
56.40.12,17.14
66.54.3,10.6
79.54.12,19.12
82.50.2,21.74
117.48.4,22.28
113.52.16,13.8
79.50.11,20.05
74.50.13,23.17
34.34.16,32.7
82.50.15,25.82
21.51.3,17.52
77.50.15,11.4
111.52.16,11.97
44.24.13,18.42
84.50.12,30.27
37.55.4,17.53
24.51.5,21.13
113.52.13,15.98
41.24.7,20.92
32.55.8,12.76
33.51.3,21.15
33.51.13,11.8
84.50.10,19.16
33.55.6,15.02
75.50.3,21.73
28.34.13,29.55
24.51.2,19.07
65.54.14,20.58
114.48.16,23.42
18.34.6,26.33
30.34.6,10.45
80.50.10,16.21
38.55.9,16.05
27.51.1,16.58
116.48.4,34.5
24.51.4,17.66
44.51.15,20.74
84.50.14,20.24
78.50.8,16.05
23.51.8,21.73
36.34.8,21.95
114.48.11,20.13
33.51.12,21.69
85.50.9,14.74
23.55.6,13.63
39.24.11,30.07
80.50.9,24.4
80.50.7,24
82.50.6,21.41
79.50.12,19.01
33.51.11,16.07
24.51.12,21.04
26.51.7,17.55
84.50.11,19.21
37.55.13,11.69
37.24.5,24.03
32.51.14,22.16
18.51.15,20.87
85.50.4,21.08
77.50.4,14.31
44.24.3,23.14
80.50.16,22.88
82.50.11,25.46
41.24.10,27.61
87.50.11,26.41
40.24.11,25.68
76.50.9,20.48
80.50.6,17.9
40.24.6,29.22
59.40.14,18.28
43.24.7,32.3
76.50.14,18.28
40.24.3,26.3
73.50.4,12.63
43.24.10,24.59
75.50.5,16.58
40.24.1,19.31
80.50.14,17.99
83.50.8,18.11
40.24.4,21.2
78.50.2,16.61
82.50.8,15.35
82.50.7,21.98
80.50.15,20.41
76.50.13,17.52
29.51.14,15.6
75.50.7,12.14
44.24.9,17.4
82.50.3,16.68
84.50.6,23.22
87.50.7,25.37
27.51.11,14.6
43.24.3,26.94
84.50.1,23.02
113.48.2,26.84
77.50.13,17.94
44.24.4,27.29
79.50.2,24.17
79.50.14,17.33
85.50.10,18.24
23.51.14,15.11
80.50.12,17.6
31.51.4,18.4
87.50.6,20.8
84.50.15,26.37
19.51.4,19.17
39.24.6,20.07
20.34.15,31.61
19.51.11,18.42
68.54.11,16.67
44.24.7,19.47
65.54.8,13.22
29.51.8,13.18
85.50.14,24.23
111.52.15,16.45
20.34.10,34.42
81.50.7,22.29
39.24.1,37.43
18.34.12,36.72
113.52.12,21.17
113.52.14,14.05
26.55.1,17.39
16.34.1,26.07
27.34.8,26.26
83.50.2,20.35
111.52.8,18.55
76.50.16,24.72
23.55.13,17.62
25.51.15,14.56
116.48.3,22.96
38.24.4,14.7
79.50.5,19.72
44.24.14,27.93
51.40.12,24.17
43.24.8,34.05
42.51.3,19.08
23.51.15,27.45
23.51.13,18.86
42.51.14,15.61
32.51.12,19.61
27.34.5,22.23
43.24.5,29.05
114.52.8,12.49
28.51.16,24.92
34.34.12,30.27
28.51.3,23.97
24.55.8,18.14
41.24.9,37.01
27.51.15,19.79
34.51.10,23.23
19.51.9,20.01
109.48.16,30.53
19.51.6,18.08
112.48.6,12.59
60.40.16,18.33
31.55.6,13.02
115.48.3,24.15
25.34.6,24.9
80.54.13,15.37
20.34.4,30.38
119.48.4,30.89
60.40.5,20.53
26.51.5,10.56
43.51.12,18.54
119.48.10,26.13
23.51.5,22.88
38.24.13,32.52
115.48.1,29.62
28.51.14,25.75
35.51.12,22.52
31.34.13,24.15
35.34.1,18.83
31.51.3,18.06
24.55.12,15.85
41.51.16,17.2
30.51.13,17.03
35.51.15,22.46
38.24.15,25.41
28.51.9,20.72
42.51.9,14.91
27.51.9,16.55
26.51.12,21.78
34.55.6,12.48
40.55.15,18.1
43.51.6,23.85
36.55.16,17.06
32.34.1,24.93
79.50.8,22.66
26.51.14,13.56
75.50.14,23.61
116.48.8,23.11
51.40.7,14.41
26.51.16,12.97
20.51.2,21.62
34.34.10,32.84
43.51.8,17.45
43.51.16,22.59
42.51.11,11.72
26.51.9,22.57
75.50.13,23.95
28.51.11,19.36
23.51.9,25.04
78.50.5,21.8
44.51.7,29.56
28.51.6,17.24
42.51.16,10.9
37.24.18,24.45
41.51.10,14.5
40.51.6,21.62
25.51.9,21.2
40.51.14,20.76
40.51.8,24.9
21.51.8,19.05
119.48.8,18.85
77.50.3,16.62
44.51.8,17.03
28.51.10,21.81
35.51.11,17.69
42.51.8,11.8
42.51.15,17.78
44.51.3,22.06
109.48.2,14.35
79.50.13,18.06
27.51.4,13.74
27.51.12,15.39
44.51.13,20.77
35.51.16,22.66
40.51.10,16.23
42.51.2,17.53
35.51.14,18.4
30.51.11,18.39
26.51.10,13.97
24.51.15,35.66
28.51.12,20.56
42.51.10,16.28
28.51.2,16.55
19.51.7,19.78
31.51.1,12.46
20.51.6,21.71
44.24.11,24.41
78.50.7,19.86
23.51.16,32.79
36.51.4,24.24
28.51.4,15.27
20.51.16,17.68
27.51.6,18.69
31.51.9,15.66
30.34.2,16.29
16.34.10,27.05
44.51.10,20.55
23.51.7,18.73
43.51.13,16.17
75.50.12,21.5
26.51.11,17.2
28.51.13,13.06
85.50.15,20.79
36.51.10,21.77
43.51.15,23.54
29.51.5,18.16
81.50.2,24.41
36.51.12,21.45
43.51.2,24.53
41.51.11,16.35
31.51.8,16.74
30.51.4,20.22
44.51.9,21.48
87.50.1,33.16
30.51.1,20.72
44.51.6,20.7
41.51.14,12.04
40.51.9,24.66
36.51.14,17.34
40.51.7,24.54
36.51.11,18.23
23.51.2,19.9
20.51.13,18.23
29.34.12,25.87
19.51.12,23
25.51.11,19.62
79.50.10,15.44
18.51.4,23.34
81.50.4,18.36
30.51.12,16.56
27.51.13,21
82.50.1,24.11
31.51.12,20.07
36.51.8,18.94
31.51.16,16.6
27.34.9,21.17
41.51.15,15.92
25.51.12,16.65
28.55.4,14.69
36.55.12,13.65
50.40.3,22.39
19.34.12,24.56
65.54.16,22.1
118.48.5,18.41
35.51.3,28.09
79.54.14,18.19
19.51.10,21.62
35.55.16,13.78
78.50.6,18.12
76.54.13,15.71
75.50.10,23.67
19.34.3,27.63
28.34.9,28.67
40.55.7,19.37
35.34.13,29.2
28.34.14,13.56
24.55.10,14.1
54.40.2,21.26
65.54.12,20.51
50.40.2,19.49
30.51:5,19.57
32.51.5,13.33
25.51.3,13.74
36.51.5,24.4
36.51.7,18.05
116.48.11,17.57
111.52.11,19.87
17.34.10,20.46
38.24.12,28.67
54.40.12,17.31
109.48.6,27.73
79.54.6,25.59
66.54.14,26.61
39.55.6,16.08
66.54.8,19.06
115.48.4,25.39
50.40.12,20.04
33.34.8,32.09
36.34.1,21.78
28.34.7,19.01
20.34.14,24.41
35.34.7,22.47
79.54.4,18.69
86.50.3,13.08
110.48.15,24.33
86.50.5,20.95
118.48.6,19.79
111.48.5,17.68
116.48.10,27.2
114.48.9,23.25
33.34.1,24.46
60.40.2,20.39
74.54.12,24
114.52.14,16.93
20.34.5,32.94
34.55.10,15.55
110.52.2,19.62
119.48.16,17.37
74.50.9,21.78
65.54.7,25.59
88.50.5,19.18
41.24.8,36.98
33.55.7,13.85
63.54.12,17.92
113.48.15,16.73
54.40.5,20.93
116.48.16,32.18
50.40.15,17.36
30.34.14,28.22
79.54.15,24.11
74.50.4,19.43
56.40.11,21.1
115.48.9,24.75
64.54.11,19.87
116.52.8,14.64
26.55.5,14.08
23.51.4,24.97
117.48.3,23.99
111.48.14,20.96
56.40.13,14.69
16.34.6,26.66
36.34.13,13.75
23.55.1,21.91
67.54.8,22.32
73.50.8,16.37
42.51.7,20.41
39.55.1,22.4
17.34.2,36.5
75.50.2,16.3
26.34.6,18.36
25.51.7,18.08
29.34.5,24.52
114.52.7,12.33
80.50.4,22
23.51.11,20.33
39.55.14,16.51
131.52.1,17.28
68.54.5,16.81
28.34.5,16.85
54.40.8,17.01
129.52.1,15.18
113.48.6,26.54
18.34.8,25.59
80.50.5,21.48
33.34.13,23.35
28.55.8,16.05
19.51.16,14.79
56.40.4,14.99
78.54.16,27.48
34.34.3,31.7
41.51.1,17.12
42.24.3,21.81
31.51.13,18.25
74.50.1,17.95
74.50.6,23.04
27.51.3,18.88
39.24.4,20.72
43.51.3,24.77
113.52.7,15.11
37.24.8,25.77
68.54.16,12.5
57.40.15,20.23
110.52.6,16.61
40.51.3,15.83
26.34.1,22.37
25.55.1,16.68
33.51.14,16.42
66.54.12,19.7
60.40.10,28.44
35.51.2,15.28
128.52.3,15.62
59.40.11,17.79
115.48.12,22.53
78.54.12,20.75
18.51.6,17.37
81.50.6,25.05
26.55.11,17.82
66.54.7,28.24
110.48.12,29.33
51.40.11,16.91
50.40.9,13.15
80.50.1,29.6
42.51.5,18.08
43.51.7,15.02
39.24.3,25.4
81.50.12,17.16
129.52.16,17
65.54.11,18.69
60.40.8,16.96
35.51.7,21.49
34.55.14,11.37
116.52.10,18.66
25.55.6,20.25
66.54.5,14.06
63.54.15,17.55
40.24.8,17.74
40.24.16,24.48
74.50.2,18.9
73.50.12,28.25
18.51.7,25.91
81.50.3,22.49
40.51.15,21.42
63.54.13,20.04
26.34.7,19.96
57.40.11,21.07
33.55.4,13.94
33.34.15,27.63
20.51.8,19.87
23.55.8,17.41
113.48.11,14.26
114.52.13,16.99
118.48.10,18.29
132.52.4,18.19
119.48.14,30.7
111.48.15,25.5
73.50.2,22.98
20.34.16,35.73
64.54.5,15.91
28.55.15,12.42
111.48.2,23.02
38.55.14,18.18
114.48.2,16.68
81.50.11,18.46
35.34.2,28.96
74.54.13,24.51
116.48.13,27.44
113.48.5,38.93
31.55.16,11.42
118.48.4,22.61
39.55.13,17.42
37.24.13,30.46
42.24.6,21.12
77.50.9,12.83
75.54.5,18.51
110.48.6,29.93
35.34.4,24.73
27.55.14,13.79
110.52.13,19.43
40.24.10,27.78
40.24.5,23.77
77.50.2,15.57
68.54.3,14.26
132.52.13,16.61
64.54.2,19.53
109.52.14,13.46
119.48.6,28.08
28.34.3,18.02
52.40.1,18.83
78.54.8,20.21
114.52.5,14.81
110.48.16,26.08
110.48.10,24.06
59.40.1,14.78
115.48.2,23.31
40.24.7,29.01
31.55.7,13.83
34.55.12,12.81
34.51.12,10.43
114.48.4,28.71
78.54.5,19.01
112.48.9,12.33
41.24.3,17.22
130.52.9,11.55
73.50.6,27.23
24.55.11,14.27
87.50.3,25.12
20.34.8,31.24
67.54.16,15.56
19.34.2,26.86
79.54.9,19.88
17.34.5,23.99
117.48.11,25.8
80.54.7,13.97
116.52.16,19.03
26.34.14,22.27
52.40.16,19.51
32.34.15,27.6
19.34.13,33.74
63.54.6,18.75
80.54.2,18.58
29.34.13,15.54
21.51.9,21.29
17.34.13,24.8
110.52.11,16.39
43.24.6,25.25
110.52.12,15.06
17.34.3,37.99
112.48.2,13.02
118.48.14,17.58
52.40.5,24.3
112.52.1,19.1
131.52.10,15.39
41.55.13,16.55
68.54.7,18.02
24.55.15,16.68
21.51.15,20.36
32.34.5,25.32
117.48.14,23.97
65.54.9,12.86
27.34.12,23.64
27.34.15,26.37
20.34.6,24.28
110.48.2,36.06
113.52.10,17.7
76.50.5,27.26
20.34.7,23.21
18.34.5,25.1
110.48.5,26.35
66.54.15,27.91
59.40.7,20.02
30.34.15,15.52
43.24.1,33.56
39.55.12,15.81
113.48.4,20.39
35.34.10,31.5
21.51.10,18.4
112.48.13,18.16
113.48.8,23.86
50.40.10,17.35
38.55.13,19.65
35.55.3,16.49
17.34.14,24.56
27.34.1,21.45
68.54.12,18.68
83.50.4,18.75
25.55.10,20.93
109.52.8,14.89
77.54.14,18.9
130.52.4,13.33
111.52.12,23.23
35.34.16,29.68
32.55.15,15.03
112.48.15,15.11
79.54.11,15.73
51.40.3,16.51
63.54.2,14.79
35.51.1,20.3
79.54.5,21.83
114.52.2,20.01
34.34.7,27.9
28.34.10,12.56
109.52.7,21.94
63.54.8,27.05
19.34.8,34.73
36.34.16,15.24
119.48.13,32.17
25.55.12,15.44
75.54.3,18.28
109.48.7,14.22
44.24.5,19.89
77.54.1,17.76
74.50.10,18.99
32.34.6,20.91
26.34.13,19.48
74.54.15,21.17
115.48.10,18.43
42.24.5,20.26
35.55.6,12.11
66.54.11,13.51
76.50.6,20.54
56.40.5,12.25
67.54.13,22.43
32.34.4,23.61
57.40.3,18.82
118.48.7,25.19
114.48.1,23.42
29.34.6,29.57
26.55.4,13.3
27.34.11,17.9
109.52.2,13.2
44.24.2,31.4
115.52.1,15.18
68.54.1,11.31
86.50.1,16.78
56.40.1,17.55
34.51.11,14.42
87.50.2,25.1
28.55.8,15.6
41.24.13,17.07
31.34.15,30.63
18.34.11,19.86
55.40.8,18.98
17.34.12,21.27
115.48.6,23.52
36.34.12,19.56
60.40.6,13.62
130.52.3,20.54
16.34.7,36.25
84.50.3,20.03
16.34.13,27.95
130.52.5,15.04
34.34.15,33.56
44.24.12,24.05
111.48.1,23.55
128.52.10,20.96
109.48.13,19.2
55.40.16,22.18
77.54.15,16.64
33.51.1,23.19
34.51.13,14.16
23.55.12,13.54
117.48.6,17.36
18.34.16,22.66
23.55.16,15.21
68.54.8,15.27
37.55.11,15.7
53.40.12,21.07
51.40.13,19.43
115.48.8,31.97
114.48.10,15.17
34.51.9,18.16
115.48.14,22.95
36.34.3,22.81
117.48.13,16.64
34.51.16,15.98
33.34.10,29.64
17.34.4,23.26
34.55.11,17
109.52.3,17.88
40.55.16,13.66
31.34.5,24.2
130.52.6,10.96
21.51.1,25.92
37.55.7,19.62
111.48.8,25.58
117.48.2,25.81
25.34.7,21.64
118.48.2,27.56
32.34.14,22.06
34.34.9,20.05
35.55.14,16.93
56.40.15,17.12
115.52.9,18.57
34.51.8,13.35
112.48.16,19.89
26.34.5,20.45
77.54.16,12.76
131.52.25,14.77
32.55.4,17.69
129.52.12,17.14
131.52.16,18.08
50.40.16,18.44
67.54.1,15.87
63.54.7,25.8
130.52.2,14.43
63.54.3,16.61
21.51.16,17.45
76.54.12,20.16
78.50.14,18.16
20.34.9,21.25
83.50.16,15.77
27.34.13,23.09
29.34.15,24.08
74.54.16,18.95
75.50.9,20.83
31.51.15,17.68
56.40.2,20.29
57.40.7,18.61
78.50.4,22.93
54.40.14,11.15
112.48.7,23.4
59.40.6,16.83
18.34.4,27.52
17.34.6,39.97
86.50.14,18.82
110.48.1,24.22
77.50.7,19.17
39.55.11,16.05
33.34.7,10.61
75.54.11,23.92
40.55.8,13.66
75.54.7,20.35
29.34.4,24.12
115.52.13,15.83
31.55.5,13.48
30.34.8,18.26
110.48.8,19.7
111.48.13,23.59
34.34.2,20.35
77.50.5,19.59
66.54.6,17.64
29.51.12,14.52
53.40.2,20.15
87.50.12,25.24
34.55.7,13.55
25.34.10,12.33
114.48.12,15.46
109.48.1,34.31
113.48.10,16.14
35.34.11,19.51
79.54.13,17.88
31.34.7,29.65
86.50.12,25.25
18.34.13,26.39
33.51.8,18.93
29.34.16,34.98
111.48.11,24.24
41.55.16,16.25
112.48.8,32.91
24.55.13,11.64
21.51.12,17.63
81.50.15,15
79.50.6,24.75
29.34.1,24.25
24.55.7,12.02
32.51.4,19.03
27.34.16,24.25
81.50.9,21.23
112.52.11,17.54
114.48.13,19.86
65.54.5,17.92
33.51.6,16.7
77.50.12,13.52
109.48.3,24.38
58.40.3,17.55
73.50.16,16
128.52.1,12.85
27.51.2,15.82
116.48.15,18.08
33.55.1,13.9
17.34.1,20.4
112.52.4,19.43
78.54.3,19.3
128.52.9,24
77.50.14,16.21
38.24.5,29.72
38.24.14,25.62
36.55.4,16.36
25.34.14,12.54
35.34.6,30.23
31.55.13,10.52
109.48.14,21.25
73.50.15,20.06
33.34.11,19.12
28.34.1,14.91
78.50.3,18.8
37.24.9,32.77
55.40.5,23.32
34.51.1,22.61
55.40.11,13.62
116.52.13,16.19
33.55.15,11.65
119.48.9,26.98
38.24.3,15.58
115.48.16,25.48
27.34.6,16.07
80.54.8,21.27
23.55.9,13.58
36.34.2,26
24.55.1,15.69
17.34.15,33.48
75.50.1,21.61
75.54.16,19.29
26.34.10,16.32
43.24.14,23.5
86.50.6,17.48
79.50.9,14.51
78.54.9,24.35
39.24.16,26.13
119.48.12,20.65
23.55.14,12.73
63.54.11,17.47
83.50.13,18.44
111.48.3,19.09
77.54.11,12.46
77.54.4,11.56
32.51.2,18.48
43.24.2,43.21
59.40.4,20.21
39.24.12,13.85
39.24.14,26.99
39.24.9,23.34
112.48.10,21.52
85.50.12,18.86
31.34.3,28.56
117.48.5,30.48
41.55.15,18.58
86.50.13,13.06
26.34.11,18.86
40.55.10,14.99
25.34.2,26.43
54.40.4,18.64
32.55.7,13.18
34.51.14,18.54
28.34.8,17.2
63.54.16,22.84
117.48.1,27.85
31.55.15,11.52
19.34.9,23.94
52.40.2,15.55
39.55.15,15.76
39.55.7,19.19
32.55.9,13.58
17.34.8,32.84
74.50.15,24.8
86.50.10,14.88
115.52.16,23.01
30.34.9,17.39
26.34.15,23.93
111.52.9,15.21
117.48.7,22.2
110.48.13,24.84
59.40.9,13.93
109.48.10,22.43
21.51.11,17.02
78.50.16,15.52
42.24.7,16.56
33.51.16,17.18
32.51.1,14.57
33.55.16,14.73
85.50.6,17.27
75.50.16,28.92
21.51.14,18.48
41.24.2,22.49
42.24.4,23.88
31.34.14,19.51
21.51.4,17.52
21.51.5,15.47
35.34.15,17.76
38.24.2,23.56
80.50.3,21.09
35.55.7,14.74
37.24.16,20.01
73.54.13,17.54
78.50.15,24.02
111.48.12,15.74
35.34.3,15.91
27.34.10,33.04
114.48.14,23.38
25.34.8,26.11
26.34.9,13.59
109.48.9,25.56
