Image ID,Image name,Experiment Tag,circle ratio,x pixel,y pixel,xScale,yScale,computation time,Skeleton Vertices,DIA_STM,AREA,AVG_DENSITY,TD_MED,TD_AVG,RTP_COUNT,ADVT_COUNT,BASAL_COUNT,HYP_DIA,TAP_DIA
468980,DSC_9244.JPG,84_50_14,0.028089888,173,178,0.146820809,0.142696629,200,17020,10.3312,2779,1.4103,0.344296,0.347385,95,10,13,1.33321,0.78297
468993,DSC_9227.JPG,80_50_15,0.02247191,174,178,0.145977011,0.142696629,244,25370,10.5965,3576.08,1.44449,0.343293,0.347841,133,16,24,1.5488,0.685877
468991,DSC_9229.JPG,79_50_10,0.02247191,174,178,0.145977011,0.142696629,196,18857,10.198,3045.49,1.98504,0.343293,0.360588,73,8,12,0.93137,1.21168
468987,DSC_9236.JPG,80_50_12,0.02247191,174,178,0.145977011,0.142696629,288,20381,10.291,3520.55,1.02655,0.343293,0.35314,130,6,4,1.61633,0.811132
468976,DSC_9250.JPG,79_50_16,0.02247191,174,178,0.145977011,0.142696629,269,18383,11.1442,3270.71,1.41949,0.343293,0.342788,115,9,4,1.61333,0.930313
468975,DSC_9251.JPG,79_50_15,0.02247191,174,178,0.145977011,0.142696629,310,23185,12.4632,3867.46,1.45887,0.343293,0.350682,137,8,18,1.61468,0.908385
468967,DSC_9259.JPG,84_50_8,0.02247191,174,178,0.145977011,0.142696629,218,15557,10.4489,2522.81,0.978983,0.343293,0.353281,111,13,15,1.49509,0.788814
468946,DSC_9287.JPG,85_50_7,0.016949153,174,177,0.145977011,0.143502825,242,22303,11.4891,3651.13,0.904889,0.344251,0.336267,118,14,7,1.22498,0.870147
469018,DSC_9163.JPG,80_50_9,0.027777778,175,180,0.145142857,0.141111111,223,25400,10.9054,4500.66,1.38338,0.340415,0.338536,125,14,16,1.36158,1.02857
468998,DSC_9221.JPG,80_50_5,0.022346369,175,179,0.145142857,0.141899441,267,17361,10.8464,2737.15,1.44095,0.341353,0.354568,130,16,15,1.23853,0.83308
468992,DSC_9228.JPG,85_50_4,0.022346369,175,179,0.145142857,0.141899441,225,18342,10.7446,3274.92,0.925878,0.341353,0.343388,100,11,17,1.16073,1.01099
468953,DSC_9278.JPG,80_50_6,0.022346369,175,179,0.145142857,0.141899441,223,14964,11.193,2258.83,1.65598,0.287042,0.326858,142,17,26,1.54753,0.714441
468944,DSC_9289.JPG,44_24_7,0.022346369,175,179,0.145142857,0.141899441,267,23473,8.77163,2947.18,2.28591,0.341353,0.32994,229,17,24,0.814291,0.998136
469022,DSC_9110.JPG,37_24_14,0.016853933,175,178,0.145142857,0.142696629,183,11846,10.9666,2549.97,0.822807,0.342301,0.379443,87,6,16,1.21539,0.873818
469017,DSC_9165.JPG,38_24_15,0.016853933,175,178,0.145142857,0.142696629,186,14495,11.0624,2285.96,1.11819,0.342301,0.344253,89,8,12,1.51333,0.92665
469014,DSC_9186.JPG,38_24_11,0.016853933,175,178,0.145142857,0.142696629,320,24973,11.2044,3539.52,0.829467,0.342301,0.345063,174,10,11,1.66791,0.880594
468981,DSC_9243.JPG,82_50_12,0.016853933,175,178,0.145142857,0.142696629,269,23909,10.7446,3551.34,1.28652,0.342301,0.341362,134,9,13,1.43796,0.972396
468979,DSC_9245.JPG,82_50_2,0.016853933,175,178,0.145142857,0.142696629,279,22639,10.7025,3864.66,0.419696,0.342301,0.35961,142,7,12,1.59943,0.878405
468973,DSC_9253.JPG,85_50_2,0.016853933,175,178,0.145142857,0.142696629,246,20450,11.1006,3762.08,1.18254,0.342301,0.365954,136,3,20,1.47301,1.09099
468965,DSC_9261.JPG,82_50_15,0.016853933,175,178,0.145142857,0.142696629,200,18417,12.0666,3138.9,1.86722,0.342301,0.349454,83,5,21,1.35791,0.856568
468963,DSC_9263.JPG,84_50_16,0.016853933,175,178,0.145142857,0.142696629,193,12287,10,2063.31,1.70418,0.342301,0.354365,89,14,12,0.97571,0.809632
469019,DSC_9158.JPG,82_50_14,0.027624309,176,181,0.144318182,0.140331492,177,14387,10.583,2548.09,1.93236,0.338507,0.323321,61,6,11,1.40502,0.912735
468969,DSC_9257.JPG,85_50_9,0.027624309,176,181,0.144318182,0.140331492,215,11753,10.2131,1759.61,0.948911,0.338507,0.34093,111,6,19,1.23248,0.738798
468964,DSC_9262.JPG,82_50_5,0.027624309,176,181,0.144318182,0.140331492,281,21158,11.8346,3344.36,1.03697,0.338507,0.370446,148,6,16,1.35298,0.957485
468888,DSC_9391.JPG,79_50_3,0.027624309,176,181,0.144318182,0.140331492,299,21469,10.9575,3076.18,1.12412,0.338507,0.333037,167,8,18,1.50338,0.917144
468877,DSC_9403.JPG,87_50_5,0.027624309,176,181,0.144318182,0.140331492,306,18589,12.1655,2748.88,1.17221,0.338507,0.34049,177,6,29,1.48331,0.873064
468876,DSC_9404.JPG,37_24_1,0.027624309,176,181,0.144318182,0.140331492,331,29621,10.9817,4553.69,0.761036,0.338507,0.345861,224,16,18,1.46511,0.84703
469021,DSC_9126.JPG,38_24_12,0.022222222,176,180,0.144318182,0.141111111,190,19258,11.4467,3007.61,0.965955,0.339435,0.345496,81,12,5,1.28713,0.825439
469009,DSC_9199.JPG,84_50_2,0.022222222,176,180,0.144318182,0.141111111,244,20219,10.016,3225.17,0.842612,0.339435,0.351014,127,8,7,1.50379,0.783597
469007,DSC_9202.JPG,85_50_1,0.022222222,176,180,0.144318182,0.141111111,226,16473,11.3576,2734.72,1.18415,0.339435,0.343744,114,8,18,1.51138,0.924433
469004,DSC_9209.JPG,79_50_9,0.022222222,176,180,0.144318182,0.141111111,190,13881,12.4259,2231.81,1.07228,0.339435,0.349587,70,16,10,0.754084,1.1567
469003,DSC_9210.JPG,79_50_2,0.022222222,176,180,0.144318182,0.141111111,277,27047,11.3686,4778.71,0.861765,0.339435,0.349397,140,7,15,1.592,1.04691
469001,DSC_9217.JPG,80_50_8,0.022222222,176,180,0.144318182,0.141111111,225,21423,11.4467,3161.3,1.10052,0.339435,0.359398,119,17,17,1.27168,0.732136
469000,DSC_9218.JPG,84_50_1,0.022222222,176,180,0.144318182,0.141111111,206,17406,11.1355,2894.59,1.12825,0.339435,0.360099,117,8,17,1.60519,1.13973
468971,DSC_9255.JPG,82_50_4,0.022222222,176,180,0.144318182,0.141111111,219,22248,11.193,4119.19,2.58667,0.339435,0.366814,101,6,16,1.3206,0.96752
468966,DSC_9260.JPG,87_50_13,0.022222222,176,180,0.144318182,0.141111111,215,16815,11.9487,2728.51,0.687301,0.339435,0.353665,116,14,24,1.43858,0.683186
468962,DSC_9264.JPG,87_50_12,0.022222222,176,180,0.144318182,0.141111111,236,22615,11.3821,3619.49,1.23326,0.339435,0.331922,118,7,9,1.48279,0.957386
468958,DSC_9272.JPG,79_50_14,0.022222222,176,180,0.144318182,0.141111111,276,23491,10.3959,3586.89,1.15941,0.339435,0.352811,144,7,16,1.28058,0.90434
468957,DSC_9273.JPG,79_50_6,0.022222222,176,180,0.144318182,0.141111111,340,31504,11.8538,4941.81,0.639898,0.339435,0.351697,205,15,27,1.49534,0.918362
468956,DSC_9274.JPG,87_50_6,0.022222222,176,180,0.144318182,0.141111111,224,18877,11.3385,2871.21,1.18925,0.339435,0.343095,115,13,28,1.36846,0.846173
468951,DSC_9281.JPG,84_50_10,0.022222222,176,180,0.144318182,0.141111111,165,5921,10.198,1147.15,1.24652,0.339435,0.380258,55,11,25,1.09701,0.743093
468949,DSC_9283.JPG,84_50_6,0.022222222,176,180,0.144318182,0.141111111,229,20630,10.8495,3212.09,0.803961,0.339435,0.327805,120,5,13,1.49603,0.900531
468948,DSC_9284.JPG,87_50_16,0.022222222,176,180,0.144318182,0.141111111,265,16239,11.1123,2656.19,0.9931,0.339435,0.343087,142,12,17,1.37936,0.894204
468942,DSC_9291.JPG,82_50_16,0.022222222,176,180,0.144318182,0.141111111,208,16448,10.198,2347.52,1.50251,0.285429,0.332826,90,10,17,1.2448,0.570295
468941,DSC_9297.JPG,81_50_6,0.022222222,176,180,0.144318182,0.141111111,363,33680,11.3137,4644.07,0.892102,0.339435,0.334345,239,10,21,1.49439,0.913293
468940,DSC_9298.JPG,81_50_8,0.022222222,176,180,0.144318182,0.141111111,318,25107,10.583,3597.58,0.724503,0.339435,0.340796,174,7,15,1.5269,1.01421
468939,DSC_9299.JPG,81_50_5,0.022222222,176,180,0.144318182,0.141111111,242,13610,12.2207,2619.48,1.22666,0.339435,0.361583,121,9,25,1.12136,0.905067
468938,DSC_9300.JPG,81_50_14,0.022222222,176,180,0.144318182,0.141111111,251,17612,10.7735,2181.26,0.923961,0.339435,0.334839,156,13,14,1.39064,0.708819
468873,DSC_9407.JPG,74_50_9,0.022222222,176,180,0.144318182,0.141111111,354,27590,11.1384,4131.65,1.15408,0.339435,0.339845,205,5,17,1.49277,0.940962
468862,DSC_9420.JPG,86_50_7,0.022222222,176,180,0.144318182,0.141111111,356,27103,12.829,3789.99,0.992533,0.339435,0.33612,195,6,22,1.70617,0.744852
468858,DSC_9424.JPG,37_24_17,0.022222222,176,180,0.144318182,0.141111111,544,42933,13.4164,6434.31,0.80045,0.339435,0.340972,300,4,45,1.52184,0.833712
468837,DSC_9449.JPG,37_24_2,0.022222222,176,180,0.144318182,0.141111111,339,21380,12.3818,3106.73,0.440378,0.339435,0.33868,192,7,21,1.45713,0.943862
165,DSC_9304.JPG,78_50_15,0.022222222,176,180,0.144318182,0.141111111,195,21009,11.19301917,3626.703402,1.351016299,0.339434546,0.343435036,120,12,20,1.522056942,1.090444452
469020,DSC_9136.JPG,80_50_4,0.016759777,176,179,0.144318182,0.141899441,216,18546,10.8212,2979.15,0.9942,0.340372,0.332961,126,10,22,1.60278,0.786859
469011,DSC_9196.JPG,82_50_13,0.016759777,176,179,0.144318182,0.141899441,276,23596,10.4489,3398.23,1.05487,0.340372,0.35448,121,6,11,1.4031,1.02698
469002,DSC_9216.JPG,79_50_4,0.016759777,176,179,0.144318182,0.141899441,188,10811,10.1256,1690.39,1.66479,0.340372,0.335545,72,7,7,1.40325,1.10842
468994,DSC_9225.JPG,85_50_14,0.016759777,176,179,0.144318182,0.141899441,233,21478,10.8464,3766.66,0.332531,0.340372,0.354287,141,28,23,1.10106,0.952017
468990,DSC_9233.JPG,79_50_13,0.016759777,176,179,0.144318182,0.141899441,273,21612,11.8322,3218.96,1.71727,0.340372,0.357012,117,10,8,1.45299,0.983017
468985,DSC_9238.JPG,80_50_11,0.016759777,176,179,0.144318182,0.141899441,255,14927,10.9575,2692.19,1.2336,0.340372,0.355157,116,4,14,1.60084,1.14804
468982,DSC_9242.JPG,79_50_8,0.016759777,176,179,0.144318182,0.141899441,287,31133,11.4467,4906.55,1.56284,0.340372,0.371674,156,14,12,1.63542,0.912353
468978,DSC_9246.JPG,84_50_11,0.016759777,176,179,0.144318182,0.141899441,226,12315,10.7703,1806.79,0.996595,0.340372,0.341018,96,2,9,1.55438,1.07172
468974,DSC_9252.JPG,80_50_2,0.016759777,176,179,0.144318182,0.141899441,263,18578,12.2794,3110.36,1.24263,0.340372,0.350585,114,8,13,1.64289,1.01526
468968,DSC_9258.JPG,82_50_7,0.016759777,176,179,0.144318182,0.141899441,306,18959,5.3183,3416.5,1.14008,0.340372,0.350638,160,29,16,0.808523,1.16124
468961,DSC_9265.JPG,82_50_6,0.016759777,176,179,0.144318182,0.141899441,211,11898,10.0985,2235.47,1.16657,0.340372,0.365608,82,15,11,1.08103,0.771076
468838,DSC_9448.JPG,81_50_3,0.016759777,176,179,0.144318182,0.141899441,357,23979,11.2044,3279.82,0.588373,0.340372,0.332409,240,11,23,1.58655,0.740595
156,DSC_9285.JPG,82_50_10,0.016759777,176,179,0.144318182,0.141899441,184,22270,13.5065935,3611.229036,2.576642773,0.340372034,0.34143491,97,7,12,1.38087103,0.880645741
468983,DSC_9241.JPG,79_50_12,0.011235955,176,178,0.144318182,0.142696629,305,29005,12.0023,3951.42,1.02072,0.34132,0.337245,151,6,21,1.48897,0.801439
468945,DSC_9288.JPG,87_50_7,0.027472527,177,182,0.143502825,0.13956044,219,14279,12.3053,2028.75,1.20274,0.336621,0.344598,100,9,17,0.933812,1.02602
468913,DSC_9350.JPG,84_50_13,0.027472527,177,182,0.143502825,0.13956044,224,7743,10.3601,1276.16,1.43854,0.336621,0.334492,94,3,13,1.37036,0.543212
468909,DSC_9361.JPG,78_50_10,0.027472527,177,182,0.143502825,0.13956044,297,21564,11.5829,2828.82,0.688046,0.336621,0.339617,182,8,18,1.3494,0.968554
468903,DSC_9370.JPG,81_50_11,0.027472527,177,182,0.143502825,0.13956044,201,8766,9.90259,1406.86,1.55488,0.336621,0.327474,110,24,13,1.03236,0.816112
468895,DSC_9381.JPG,81_50_13,0.027472527,177,182,0.143502825,0.13956044,339,27038,11.3165,3561.04,0.969027,0.336621,0.327681,200,15,20,1.29934,0.743657
468894,DSC_9382.JPG,85_50_15,0.027472527,177,182,0.143502825,0.13956044,313,24191,10.3959,3096.78,0.963724,0.283063,0.324397,163,8,17,1.47191,0.793302
468893,DSC_9384.JPG,77_50_13,0.027472527,177,182,0.143502825,0.13956044,351,29892,12.0369,4106.3,0.841547,0.336621,0.342722,231,11,20,1.5111,0.881054
468887,DSC_9392.JPG,84_50_9,0.027472527,177,182,0.143502825,0.13956044,273,18755,10.9575,2665.56,0.932518,0.336621,0.324778,156,6,15,1.31085,0.842059
468885,DSC_9394.JPG,85_50_16,0.027472527,177,182,0.143502825,0.13956044,270,18927,9.34673,2447.56,0.746395,0.336621,0.33813,144,13,19,1.40661,0.691477
468884,DSC_9395.JPG,74_50_10,0.027472527,177,182,0.143502825,0.13956044,298,19237,10.6132,2738.03,0.939522,0.336621,0.327957,177,12,14,1.47409,0.790721
468878,DSC_9402.JPG,73_50_5,0.027472527,177,182,0.143502825,0.13956044,236,14353,10.583,2280.81,1.2871,0.336621,0.334934,131,21,27,0.903141,0.893834
468871,DSC_9409.JPG,73_50_10,0.027472527,177,182,0.143502825,0.13956044,300,20070,10.532,3120.46,0.936551,0.336621,0.340399,183,13,18,1.42711,0.869929
468870,DSC_9410.JPG,42_24_6,0.027472527,177,182,0.143502825,0.13956044,243,17789,11.0506,2984.81,1.40155,0.336621,0.33873,113,11,8,1.40341,0.750637
468869,DSC_9411.JPG,77_50_7,0.027472527,177,182,0.143502825,0.13956044,320,25410,11.6543,3476.5,1.73427,0.336621,0.33632,189,7,19,1.55089,0.668408
468863,DSC_9419.JPG,73_50_9,0.027472527,177,182,0.143502825,0.13956044,392,31146,10.9817,4223.24,1.60134,0.336621,0.339963,270,12,27,1.54294,0.788074
468857,DSC_9426.JPG,41_24_14,0.027472527,177,182,0.143502825,0.13956044,222,15115,11.1384,2639.16,1.19191,0.336621,0.342799,147,17,29,1.51326,0.859167
468856,DSC_9427.JPG,86_50_9,0.027472527,177,182,0.143502825,0.13956044,271,16644,10.141,2505.18,0.681079,0.336621,0.335376,192,24,26,1.26268,0.774536
468822,DSC_9483.JPG,74_50_8,0.027472527,177,182,0.143502825,0.13956044,307,22960,11.5958,3772.25,0.83673,0.336621,0.342178,191,5,23,1.59061,1.05192
468811,DSC_9502.JPG,44_24_15,0.027472527,177,182,0.143502825,0.13956044,278,19147,11.3686,3154.8,0.757445,0.336621,0.339548,159,6,14,1.40653,1.09296
468764,DSC_9571.JPG,42_24_4,0.027472527,177,182,0.143502825,0.13956044,386,28254,12.1141,3812.14,1.09395,0.336621,0.326264,245,8,26,1.6119,0.810888
469016,DSC_9174.JPG,39_24_6,0.022099448,177,181,0.143502825,0.140331492,190,16082,11.6619,2335.82,0.769774,0.337538,0.335082,81,10,20,1.36255,0.816336
469015,DSC_9176.JPG,37_24_18,0.022099448,177,181,0.143502825,0.140331492,219,16667,10.2131,2338.58,1.92606,0.337538,0.33316,126,8,14,1.4311,1.01345
469013,DSC_9192.JPG,37_24_19,0.022099448,177,181,0.143502825,0.140331492,187,10895,11.0297,1833.96,0.658957,0.337538,0.335991,66,5,11,1.4042,0.819893
469012,DSC_9193.JPG,38_24_8,0.022099448,177,181,0.143502825,0.140331492,212,14065,10.7703,2212.3,0.672203,0.337538,0.329872,101,6,10,1.55863,0.968204
468999,DSC_9220.JPG,79_50_11,0.022099448,177,181,0.143502825,0.140331492,273,22799,10.2579,3417.76,1.94564,0.337538,0.353727,149,19,19,0.764191,0.89957
468984,DSC_9240.JPG,85_50_8,0.022099448,177,181,0.143502825,0.140331492,277,15553,10.3923,2606.48,0.642175,0.337538,0.341594,123,5,8,1.51023,1.16043
468970,DSC_9256.JPG,82_50_9,0.022099448,177,181,0.143502825,0.140331492,154,2915,9.17034,739.305,1.38955,0.283834,0.329232,23,7,8,0.512094,0.900794
468960,DSC_9269.JPG,87_50_15,0.022099448,177,181,0.143502825,0.140331492,345,29633,11.2384,4370.14,0.796741,0.337538,0.336567,149,7,16,1.56109,0.761051
468955,DSC_9276.JPG,80_50_16,0.022099448,177,181,0.143502825,0.140331492,264,21656,12.6491,3157.13,0.559317,0.337538,0.348985,141,10,13,1.0958,0.992728
468947,DSC_9286.JPG,82_50_3,0.022099448,177,181,0.143502825,0.140331492,198,14160,10.4313,2580.38,1.22734,0.337538,0.371185,58,4,15,1.46879,0.918469
468937,DSC_9310.JPG,78_50_5,0.022099448,177,181,0.143502825,0.140331492,233,12248,12.0575,1995.99,1.28759,0.337538,0.352005,107,8,21,1.55226,0.977344
468935,DSC_9317.JPG,81_50_2,0.022099448,177,181,0.143502825,0.140331492,237,20987,12.4321,2966.83,0.727009,0.283834,0.326496,133,11,12,1.60194,0.913719
468932,DSC_9326.JPG,37_24_4,0.022099448,177,181,0.143502825,0.140331492,229,15000,10.016,2293.23,1.88407,0.337538,0.333645,135,13,12,1.30065,0.73901
468931,DSC_9328.JPG,81_50_12,0.022099448,177,181,0.143502825,0.140331492,212,12192,10.7735,1796.23,0.491347,0.337538,0.329613,110,3,25,1.37101,0.861606
468929,DSC_9330.JPG,78_50_1,0.022099448,177,181,0.143502825,0.140331492,363,26530,12.9908,3625.08,2.15806,0.283834,0.322604,159,1,16,1.44646,0.624425
468928,DSC_9331.JPG,77_50_4,0.022099448,177,181,0.143502825,0.140331492,260,17028,9.45742,2350.91,0.795978,0.337538,0.325924,140,10,11,1.41725,0.644016
468927,DSC_9333.JPG,85_50_3,0.022099448,177,181,0.143502825,0.140331492,285,20509,11.2468,2813.96,0.599422,0.337538,0.331257,148,6,14,1.3759,1.01977
468921,DSC_9339.JPG,81_50_9,0.022099448,177,181,0.143502825,0.140331492,324,25782,11.0653,3313.26,0.418046,0.337538,0.321786,232,12,19,1.46035,0.824101
468917,DSC_9346.JPG,37_24_12,0.022099448,177,181,0.143502825,0.140331492,293,26189,12.1855,4681.19,0.94032,0.337538,0.344095,175,10,20,1.54241,0.963425
468916,DSC_9347.JPG,37_24_3,0.022099448,177,181,0.143502825,0.140331492,337,27503,11.3821,4106.19,0.468315,0.337538,0.345781,206,9,18,1.40244,0.875106
468915,DSC_9348.JPG,74_50_5,0.022099448,177,181,0.143502825,0.140331492,340,25521,11.3137,3660.54,0.50103,0.337538,0.338883,202,9,20,1.50252,0.760407
468908,DSC_9363.JPG,74_50_7,0.022099448,177,181,0.143502825,0.140331492,254,15652,12.0415,3022.91,0.810602,0.337538,0.329528,130,12,22,1.53773,0.725774
468907,DSC_9364.JPG,78_50_9,0.022099448,177,181,0.143502825,0.140331492,329,26742,12.8062,3858.33,0.691781,0.337538,0.339212,199,11,22,1.60316,0.717923
468906,DSC_9366.JPG,83_50_15,0.022099448,177,181,0.143502825,0.140331492,345,25924,11.1615,3768.54,1.24972,0.337538,0.328952,205,7,19,1.42293,0.843707
468905,DSC_9368.JPG,43_24_11,0.022099448,177,181,0.143502825,0.140331492,270,21802,11.3165,3298.12,0.867667,0.337538,0.33169,171,8,18,1.55414,0.982124
468902,DSC_9371.JPG,74_50_14,0.022099448,177,181,0.143502825,0.140331492,288,17922,10.3923,2523.63,1.15154,0.283834,0.322576,176,8,20,1.42326,0.90799
468900,DSC_9375.JPG,77_50_11,0.022099448,177,181,0.143502825,0.140331492,286,29724,10.7057,4013.82,1.40544,0.283834,0.32515,180,8,23,1.43329,0.895671
468883,DSC_9396.JPG,86_50_4,0.022099448,177,181,0.143502825,0.140331492,279,19871,12.0575,2691.56,1.39486,0.337538,0.33217,165,18,15,1.37178,0.843864
468882,DSC_9397.JPG,73_50_6,0.022099448,177,181,0.143502825,0.140331492,306,22357,12.8234,3749.04,0.84086,0.337538,0.337478,189,5,16,1.57267,0.949162
468881,DSC_9399.JPG,73_50_15,0.022099448,177,181,0.143502825,0.140331492,368,24308,12.1677,3335.65,0.530828,0.337538,0.330885,222,10,27,1.48559,0.81416
468879,DSC_9401.JPG,86_50_11,0.022099448,177,181,0.143502825,0.140331492,296,25593,10.4907,3368.66,0.748082,0.337538,0.34366,197,13,20,1.36738,0.761543
468874,DSC_9406.JPG,43_24_2,0.022099448,177,181,0.143502825,0.140331492,274,23166,12.5471,4598.32,1.01009,0.337538,0.361252,155,6,14,1.62332,1.06664
468861,DSC_9421.JPG,49_24_3,0.022099448,177,181,0.143502825,0.140331492,296,22699,11.3686,3450.48,0.785173,0.337538,0.33418,165,7,5,1.39422,0.787703
468860,DSC_9422.JPG,77_50_2,0.022099448,177,181,0.143502825,0.140331492,280,19763,9.38083,2206.17,1.35861,0.283834,0.322688,172,9,26,1.32061,0.775789
468859,DSC_9423.JPG,74_50_2,0.022099448,177,181,0.143502825,0.140331492,238,11646,11.3385,1796.57,1.42711,0.337538,0.323449,127,4,24,1.5583,0.655514
468855,DSC_9429.JPG,73_50_3,0.022099448,177,181,0.143502825,0.140331492,211,6835,9.13906,1004.66,1.24976,0.337538,0.340853,106,1,30,1.13797,0.721711
468854,DSC_9430.JPG,41_24_8,0.022099448,177,181,0.143502825,0.140331492,248,14840,11.8514,3023.43,0.868855,0.337538,0.344613,134,10,9,1.44541,1.06731
468853,DSC_9431.JPG,77_50_5,0.022099448,177,181,0.143502825,0.140331492,272,20901,11.4119,3126.18,1.14777,0.337538,0.340403,163,5,31,1.47064,0.802231
468852,DSC_9432.JPG,78_50_11,0.022099448,177,181,0.143502825,0.140331492,415,34195,12.9283,4114.79,0.910962,0.337538,0.326763,255,11,31,1.52459,0.760975
468851,DSC_9434.JPG,78_50_16,0.022099448,177,181,0.143502825,0.140331492,312,22010,10.378,2623.86,0.647108,0.337538,0.337803,196,8,17,1.3828,0.739685
468850,DSC_9435.JPG,86_50_16,0.022099448,177,181,0.143502825,0.140331492,266,23328,9.8653,3001.04,1.43303,0.337538,0.334143,161,11,26,1.47538,1.03148
468849,DSC_9436.JPG,74_50_16,0.022099448,177,181,0.143502825,0.140331492,385,24477,11.6644,3566.57,0.526145,0.337538,0.341703,199,1,18,1.43891,0.666044
468848,DSC_9437.JPG,86_50_12,0.022099448,177,181,0.143502825,0.140331492,291,24541,10.8682,3199.8,0.650236,0.337538,0.337332,182,19,17,1.40068,0.554644
468847,DSC_9438.JPG,86_50_14,0.022099448,177,181,0.143502825,0.140331492,326,30206,12.0392,3947.32,1.41524,0.337538,0.330729,187,9,20,1.56675,0.845077
468846,DSC_9439.JPG,86_50_6,0.022099448,177,181,0.143502825,0.140331492,323,25366,11.0297,2975.77,1.13753,0.337538,0.331819,207,13,8,1.38621,0.623612
468845,DSC_9440.JPG,41_24_7,0.022099448,177,181,0.143502825,0.140331492,224,10086,10.3923,1491.68,1.08169,0.337538,0.329469,120,11,14,1.43516,0.753022
468844,DSC_9441.JPG,37_24_15,0.022099448,177,181,0.143502825,0.140331492,232,12326,10.3923,1619.11,0.507274,0.283834,0.327471,125,6,19,1.31523,0.572054
468843,DSC_9442.JPG,77_50_15,0.022099448,177,181,0.143502825,0.140331492,161,2742,8.26753,499.522,1.3682,0.337538,0.332445,29,4,9,1.21572,0.616226
468842,DSC_9443.JPG,84_50_12,0.022099448,177,181,0.143502825,0.140331492,274,15288,10.8212,2461.48,0.765032,0.337538,0.328786,165,10,14,1.61655,0.827432
468840,DSC_9446.JPG,86_50_2,0.022099448,177,181,0.143502825,0.140331492,294,26156,11.4891,3598.25,1.04026,0.337538,0.333787,183,10,21,1.20779,1.06683
468835,DSC_9452.JPG,81_50_10,0.022099448,177,181,0.143502825,0.140331492,327,20979,11.6341,2451.76,0.974619,0.337538,0.324545,225,8,22,1.4287,0.743895
468827,DSC_9472.JPG,74_50_4,0.022099448,177,181,0.143502825,0.140331492,276,14986,10.5627,2116.9,1.18183,0.337538,0.327796,187,5,27,1.45721,0.738601
468826,DSC_9473.JPG,73_50_4,0.022099448,177,181,0.143502825,0.140331492,301,14752,9.96784,1649.5,1.26543,0.337538,0.326541,251,6,17,1.29976,0.738343
468825,DSC_9474.JPG,74_50_13,0.022099448,177,181,0.143502825,0.140331492,356,18615,12.6194,2685.98,2.39313,0.337538,0.330677,252,9,25,1.53063,0.847208
468824,DSC_9476.JPG,86_50_8,0.022099448,177,181,0.143502825,0.140331492,280,21491,10.016,2658.9,0.954378,0.283834,0.329935,171,9,22,1.46515,0.932466
468813,DSC_9500.JPG,73_50_11,0.022099448,177,181,0.143502825,0.140331492,302,19094,12.0208,2790.4,0.910222,0.337538,0.341858,213,11,13,1.5763,0.863769
468812,DSC_9501.JPG,86_50_3,0.022099448,177,181,0.143502825,0.140331492,324,25466,10.2763,2785.93,0.782644,0.337538,0.330006,257,15,30,1.22479,0.683224
468807,DSC_9507.JPG,83_50_9,0.022099448,177,181,0.143502825,0.140331492,323,24081,10.7025,3398.89,1.22778,0.337538,0.327958,199,8,24,1.41519,0.803229
468803,DSC_9513.JPG,41_24_16,0.022099448,177,181,0.143502825,0.140331492,403,21370,11.0297,2724.22,1.21716,0.283834,0.321999,261,10,21,1.42171,0.839169
468794,DSC_9528.JPG,76_50_9,0.022099448,177,181,0.143502825,0.140331492,487,31902,10.9666,4123.09,0.344281,0.337538,0.332458,297,34,25,0.888744,0.968501
468793,DSC_9529.JPG,81_50_15,0.022099448,177,181,0.143502825,0.140331492,543,30009,9.75084,2988.94,0.819561,0.337538,0.325569,371,12,15,1.01374,0.68298
468789,DSC_9541.JPG,77_50_16,0.022099448,177,181,0.143502825,0.140331492,305,19931,6.41736,2544.27,0.72604,0.337538,0.325771,234,12,27,1.12635,0.888983
468767,DSC_9568.JPG,81_50_16,0.022099448,177,181,0.143502825,0.140331492,417,22822,9.65895,2319.85,1.7003,0.337538,0.323277,347,11,28,1.27338,0.620548
468766,DSC_9569.JPG,76_50_15,0.022099448,177,181,0.143502825,0.140331492,360,22823,11.3631,2739.83,0.619419,0.337538,0.321645,242,21,18,1.09749,0.619363
468763,DSC_9572.JPG,42_24_11,0.022099448,177,181,0.143502825,0.140331492,309,22779,11.8322,3308.2,1.55795,0.337538,0.331597,211,10,18,1.25215,0.67513
224,DSC_9477.JPG,78_50_4,0.022099448,177,181,0.143502825,0.140331492,295,34272,11.66442501,4231.892755,1.194455452,0.337537789,0.327663265,327,7,21,1.503068276,0.675525101
469010,DSC_9198.JPG,85_50_10,0.016666667,177,180,0.143502825,0.141111111,232,13925,10.6132,2202.03,0.7345,0.338465,0.357435,115,3,10,1.4584,0.756663
469008,DSC_9201.JPG,84_50_3,0.016666667,177,180,0.143502825,0.141111111,210,16216,10.2018,2802.76,1.03627,0.338465,0.344487,104,12,18,1.29195,0.746957
468997,DSC_9222.JPG,79_50_7,0.016666667,177,180,0.143502825,0.141111111,414,44038,12.7313,6069.59,0.676192,0.338465,0.349625,233,7,28,1.6046,0.896943
468996,DSC_9223.JPG,85_50_12,0.016666667,177,180,0.143502825,0.141111111,276,16522,11.3137,2652.36,0.891307,0.338465,0.340107,148,10,18,1.40879,0.831412
468995,DSC_9224.JPG,80_50_10,0.016666667,177,180,0.143502825,0.141111111,218,14453,9.94759,2135.08,0.571811,0.338465,0.352544,90,1,18,1.20071,1.073
468989,DSC_9234.JPG,80_50_3,0.016666667,177,180,0.143502825,0.141111111,224,16181,10.8212,2655.63,1.81098,0.338465,0.342318,112,14,13,1.30526,0.978188
468988,DSC_9235.JPG,84_50_7,0.016666667,177,180,0.143502825,0.141111111,225,20769,10.4242,3303.34,0.920589,0.338465,0.355168,99,7,13,1.44452,0.847649
468972,DSC_9254.JPG,85_50_11,0.016666667,177,180,0.143502825,0.141111111,287,26888,8.25333,3366.82,1.21617,0.284614,0.320339,266,29,25,0.759576,0.935274
468959,DSC_9270.JPG,80_50_7,0.016666667,177,180,0.143502825,0.141111111,252,18163,13.0721,3045.13,1.59407,0.338465,0.334616,145,7,18,1.64629,0.699098
468926,DSC_9334.JPG,37_24_9,0.016666667,177,180,0.143502825,0.141111111,235,10129,11.3247,2082.03,0.906698,0.338465,0.332674,94,7,1,1.47219,0.617756
468924,DSC_9336.JPG,85_50_5,0.016666667,177,180,0.143502825,0.141111111,298,32315,12.0666,3614.33,0.603724,0.338465,0.327756,195,12,31,1.04442,0.788285
468923,DSC_9337.JPG,79_50_5,0.016666667,177,180,0.143502825,0.141111111,382,26604,11.1355,3636.73,0.906181,0.338465,0.33043,224,7,20,1.62633,0.974999
468922,DSC_9338.JPG,37_24_6,0.016666667,177,180,0.143502825,0.141111111,241,18407,11.3137,3152.98,2.96075,0.338465,0.339645,120,8,12,1.40119,1.02782
468920,DSC_9340.JPG,74_50_15,0.016666667,177,180,0.143502825,0.141111111,289,21143,11.7738,3355.93,1.63872,0.338465,0.333001,188,10,20,1.61478,0.835117
468919,DSC_9341.JPG,37_24_16,0.016666667,177,180,0.143502825,0.141111111,209,15086,10.5627,2366.74,1.8165,0.338465,0.333223,91,11,9,1.02834,0.800916
468918,DSC_9345.JPG,37_24_12,0.016666667,177,180,0.143502825,0.141111111,231,22841,12.3416,4295.4,1.09237,0.338465,0.347541,119,9,14,1.41642,1.01799
468914,DSC_9349.JPG,37_24_8,0.016666667,177,180,0.143502825,0.141111111,228,12226,12.0092,2286,0.506801,0.338465,0.342733,86,9,16,1.59487,0.882106
468912,DSC_9351.JPG,84_50_15,0.016666667,177,180,0.143502825,0.141111111,446,16940,11.193,2420.52,1.12283,0.338465,0.329775,246,5,24,1.42016,0.876493
468910,DSC_9358.JPG,74_50_11,0.016666667,177,180,0.143502825,0.141111111,293,19089,11.7517,3291.33,0.977139,0.338465,0.359234,166,5,12,1.62483,0.807119
468897,DSC_9379.JPG,78_50_12,0.016666667,177,180,0.143502825,0.141111111,420,30655,11.9063,3998.01,0.95063,0.338465,0.344312,230,5,25,1.52707,0.974015
468886,DSC_9393.JPG,86_50_5,0.016666667,177,180,0.143502825,0.141111111,270,19482,11.2073,2742.56,1.20929,0.338465,0.331753,197,10,23,1.49843,0.689007
468880,DSC_9400.JPG,37_24_13,0.016666667,177,180,0.143502825,0.141111111,401,28884,11.6619,4313.05,0.375628,0.338465,0.341001,221,12,11,1.71797,0.793369
468875,DSC_9405.JPG,86_50_13,0.016666667,177,180,0.143502825,0.141111111,246,19068,10.1102,2689.36,0.620914,0.338465,0.37073,147,14,10,1.39802,0.94306
468872,DSC_9408.JPG,77_50_6,0.016666667,177,180,0.143502825,0.141111111,294,18053,11.4997,2388.25,0.786514,0.338465,0.330679,171,10,21,1.46699,0.80965
468868,DSC_9412.JPG,41_24_11,0.016666667,177,180,0.143502825,0.141111111,323,22416,12.5894,3823.96,0.463826,0.338465,0.336297,177,9,21,1.41061,0.793436
468865,DSC_9417.JPG,86_50_15,0.016666667,177,180,0.143502825,0.141111111,272,15642,9.5506,2104.89,1.05845,0.338465,0.326806,145,4,23,1.32086,0.830903
468814,DSC_9499.JPG,76_50_2,0.016666667,177,180,0.143502825,0.141111111,402,32271,11.8921,4216.36,0.546664,0.338465,0.324698,309,19,39,0.836938,0.875256
468810,DSC_9504.JPG,39_24_7,0.016666667,177,180,0.143502825,0.141111111,344,23514,11.3576,3120.46,0.594871,0.338465,0.325119,213,10,24,1.45583,0.65847
468809,DSC_9505.JPG,44_24_12,0.016666667,177,180,0.143502825,0.141111111,276,18971,11.6543,2968.26,0.582717,0.338465,0.330945,199,17,30,0.840098,0.927278
468798,DSC_9520.JPG,83_50_11,0.016666667,177,180,0.143502825,0.141111111,426,33048,11.2468,3389.3,0.807418,0.338465,0.320515,364,12,42,1.43931,0.628813
468790,DSC_9540.JPG,73_50_12,0.016666667,177,180,0.143502825,0.141111111,394,25568,11.7368,4229.56,0.716648,0.338465,0.337937,349,16,25,1.5744,1.15108
468768,DSC_9567.JPG,41_24_9,0.016666667,177,180,0.143502825,0.141111111,286,23145,12.2207,3658.98,0.772563,0.338465,0.333904,187,13,27,1.63895,0.886413
468765,DSC_9570.JPG,41_24_2,0.016666667,177,180,0.143502825,0.141111111,418,29753,12.6194,4060.15,1.42213,0.338465,0.322932,241,8,23,1.58739,0.911041
468986,DSC_9237.JPG,80_50_1,0.011173184,177,179,0.143502825,0.141899441,285,26022,12.405,4210.04,1.76538,0.339402,0.344203,174,17,13,1.73482,0.909387
468977,DSC_9249.JPG,85_50_6,0.011173184,177,179,0.143502825,0.141899441,243,16988,7.88015,2117.91,1.51714,0.339402,0.328293,167,20,19,0.954269,0.732059
468952,DSC_9280.JPG,79_50_1,0.011173184,177,179,0.143502825,0.141899441,315,25793,11.0028,4634.25,0.720118,0.339402,0.358564,168,8,15,1.60422,0.984812
468950,DSC_9282.JPG,87_50_9,0.027322404,178,183,0.142696629,0.138797814,299,26782,11.1384,3480.9,1.04761,0.281494,0.321804,157,10,20,1.54196,0.708956
469005,DSC_9206.JPG,82_50_8,0.021978022,178,182,0.142696629,0.13956044,233,14292,9.40015,1767.84,1.36164,0.335662,0.329309,156,16,30,1.00943,0.71186
468954,DSC_9277.JPG,80_50_14,0.021978022,178,182,0.142696629,0.13956044,214,13143,10.2579,2138.11,1.796,0.335662,0.334205,93,7,12,1.32706,0.688693
468943,DSC_9290.JPG,44_24_11,0.021978022,178,182,0.142696629,0.13956044,233,15787,10.7831,2838.62,1.50996,0.335662,0.333096,64,11,6,1.6209,0.932416
468911,DSC_9352.JPG,77_50_12,0.021978022,178,182,0.142696629,0.13956044,265,18507,10.0985,2707.12,1.0807,0.335662,0.349057,161,14,21,1.41393,0.666665
468899,DSC_9377.JPG,77_50_1,0.021978022,178,182,0.142696629,0.13956044,252,15591,11.7762,2127.1,2.78986,0.335662,0.327838,143,8,23,1.47702,0.827055
468898,DSC_9378.JPG,37_24_11,0.021978022,178,182,0.142696629,0.13956044,184,4886,10.012,969.911,0.784243,0.335662,0.335052,43,1,13,1.21752,0.600934
468896,DSC_9380.JPG,87_50_14,0.021978022,178,182,0.142696629,0.13956044,344,21993,11.5958,2804.24,0.528126,0.335662,0.333303,205,11,15,1.28035,0.651356
468892,DSC_9385.JPG,87_50_11,0.021978022,178,182,0.142696629,0.13956044,294,18968,5.3183,2851.82,0.562149,0.335662,0.340808,155,11,22,1.15057,0.717091
468891,DSC_9387.JPG,85_50_13,0.021978022,178,182,0.142696629,0.13956044,186,7863,9.59166,1044.13,1.308,0.335662,0.347902,60,7,23,1.27526,0.693703
468890,DSC_9389.JPG,80_50_13,0.021978022,178,182,0.142696629,0.13956044,340,18180,10.583,2414.05,0.724402,0.335662,0.323892,190,5,16,1.52678,0.754013
468867,DSC_9415.JPG,73_50_14,0.021978022,178,182,0.142696629,0.13956044,401,20187,6.38687,3146.54,0.70369,0.335662,0.344562,243,24,27,0.918587,0.804088
468841,DSC_9445.JPG,73_50_8,0.021978022,178,182,0.142696629,0.13956044,238,11724,9.83601,1677.13,0.96383,0.335662,0.335542,134,9,13,0.988674,0.568242
468833,DSC_9454.JPG,74_50_12,0.021978022,178,182,0.142696629,0.13956044,274,10282,10.0985,1460.29,0.604811,0.335662,0.322886,96,2,9,1.3231,0.619706
468818,DSC_9491.JPG,38_24_13,0.021978022,178,182,0.142696629,0.13956044,288,13061,11.6543,1721.97,1.53173,0.282257,0.319719,239,18,18,0.92628,0.673395
468816,DSC_9495.JPG,41_24_15,0.021978022,178,182,0.142696629,0.13956044,161,3129,10.9545,853.847,1.96493,0.335662,0.332057,53,5,11,1.41341,0.78362
468808,DSC_9506.JPG,41_24_10,0.021978022,178,182,0.142696629,0.13956044,245,14178,12.1833,2318.34,0.713927,0.335662,0.333776,124,9,10,1.5809,0.769007
468805,DSC_9511.JPG,42_24_12,0.021978022,178,182,0.142696629,0.13956044,387,22765,11.5311,3864.01,1.35712,0.335662,0.347663,248,12,24,1.50903,0.848154
468804,DSC_9512.JPG,77_50_8,0.021978022,178,182,0.142696629,0.13956044,317,23172,10.6166,2822.92,0.867137,0.335662,0.331601,200,9,27,1.16494,0.812011
468801,DSC_9515.JPG,83_50_8,0.021978022,178,182,0.142696629,0.13956044,311,20737,10.7703,2879.28,0.670513,0.282257,0.323178,160,3,18,1.50432,0.65006
468799,DSC_9519.JPG,41_24_3,0.021978022,178,182,0.142696629,0.13956044,336,15411,11.3247,2059.45,1.37799,0.335662,0.329911,191,2,24,1.25325,0.95211
468797,DSC_9521.JPG,44_24_2,0.021978022,178,182,0.142696629,0.13956044,280,16463,11.4997,2603.74,0.710284,0.335662,0.329653,146,4,13,1.4832,0.832923
468795,DSC_9525.JPG,77_50_9,0.021978022,178,182,0.142696629,0.13956044,265,10783,9.6322,1388.6,0.862584,0.282257,0.323498,157,2,10,1.15622,0.614745
468787,DSC_9544.JPG,37_24_10,0.021978022,178,182,0.142696629,0.13956044,292,19874,11.4146,3162.39,0.607245,0.335662,0.329273,184,7,16,1.59977,0.728914
468782,DSC_9549.JPG,83_50_10,0.021978022,178,182,0.142696629,0.13956044,329,21986,10.4907,2810.9,0.608991,0.282257,0.321804,228,7,12,1.25912,0.705265
468781,DSC_9551.JPG,78_50_13,0.021978022,178,182,0.142696629,0.13956044,410,23661,9.94759,2648.27,1.65827,0.335662,0.320479,269,12,20,1.3809,0.739073
468780,DSC_9552.JPG,42_24_2,0.021978022,178,182,0.142696629,0.13956044,258,16739,11.2748,2588.39,0.990507,0.282257,0.328176,147,12,17,1.59743,0.898407
468778,DSC_9554.JPG,42_24_16,0.021978022,178,182,0.142696629,0.13956044,266,13827,10.9545,2567.66,1.32523,0.335662,0.328573,177,8,31,1.63084,0.904875
468777,DSC_9555.JPG,83_50_1,0.021978022,178,182,0.142696629,0.13956044,262,17163,11.3576,2339.57,0.743661,0.282257,0.314559,165,7,12,1.3298,0.840791
468775,DSC_9557.JPG,42_24_9,0.021978022,178,182,0.142696629,0.13956044,344,26010,10.8682,3188.72,0.892624,0.282257,0.326076,216,8,21,1.48895,0.647655
468774,DSC_9558.JPG,81_50_7,0.021978022,178,182,0.142696629,0.13956044,367,19553,11.5545,2417.82,0.784264,0.335662,0.316111,247,11,20,1.41371,0.782547
468771,DSC_9561.JPG,83_50_12,0.021978022,178,182,0.142696629,0.13956044,310,20877,10.9666,2650.56,0.834402,0.335662,0.326044,198,9,23,1.43681,0.857894
468770,DSC_9565.JPG,42_24_15,0.021978022,178,182,0.142696629,0.13956044,351,16870,9.91902,2086.53,0.810428,0.335662,0.317874,248,14,18,1.19731,0.706818
468761,DSC_9574.JPG,83_50_5,0.021978022,178,182,0.142696629,0.13956044,343,18511,10.28,2354.13,0.648573,0.282257,0.316901,257,17,22,1.15169,0.575813
468754,DSC_9583.JPG,38_24_1,0.021978022,178,182,0.142696629,0.13956044,299,23452,11.0771,2953.72,0.750197,0.335662,0.330328,182,9,32,0.825643,0.941614
468753,DSC_9584.JPG,74_50_1,0.021978022,178,182,0.142696629,0.13956044,384,19241,11.6619,2112.84,0.712959,0.335662,0.328845,275,12,17,1.39216,0.726862
468751,DSC_9587.JPG,39_24_9,0.021978022,178,182,0.142696629,0.13956044,305,15381,10.2018,2110.61,0.581792,0.335662,0.328562,173,10,13,1.33153,0.615288
468741,DSC_9610.JPG,38_24_2,0.021978022,178,182,0.142696629,0.13956044,471,17897,11.1355,2182.78,0.686179,0.335662,0.322268,285,3,24,1.30311,0.796207
468735,DSC_9623.JPG,38_24_3,0.021978022,178,182,0.142696629,0.13956044,431,36016,10.9817,4172.49,0.934199,0.282257,0.32973,230,8,19,1.39869,0.788653
468732,DSC_9629.JPG,39_24_12,0.021978022,178,182,0.142696629,0.13956044,378,21346,9.38567,2227.71,1.179,0.335662,0.321797,386,25,39,1.09007,0.630527
468934,DSC_9322.JPG,87_50_10,0.016574586,178,181,0.142696629,0.140331492,294,20708,10.3923,2680.52,1.8301,0.336579,0.324859,206,15,19,1.28151,0.839495
468930,DSC_9329.JPG,78_50_2,0.016574586,178,181,0.142696629,0.140331492,267,16354,11.5311,2262.79,0.737986,0.336579,0.331271,141,6,14,1.43438,0.665199
468925,DSC_9335.JPG,77_50_14,0.016574586,178,181,0.142696629,0.140331492,301,20634,10.016,3027.27,1.94182,0.336579,0.346268,153,8,25,1.40219,0.910453
468904,DSC_9369.JPG,44_24_9,0.016574586,178,181,0.142696629,0.140331492,238,12753,10.1905,2054.47,0.935241,0.336579,0.333753,150,7,25,1.36036,0.777751
468889,DSC_9390.JPG,87_50_4,0.016574586,178,181,0.142696629,0.140331492,357,25361,12.2447,3380.35,0.690219,0.336579,0.334175,221,10,19,1.43479,0.671383
468866,DSC_9416.JPG,83_50_13,0.016574586,178,181,0.142696629,0.140331492,272,16830,10.5559,2302.17,1.03073,0.336579,0.331023,169,19,23,1.30275,0.702293
468864,DSC_9418.JPG,86_50_10,0.016574586,178,181,0.142696629,0.140331492,238,16401,11.2748,2200.27,0.82674,0.336579,0.329807,103,17,6,1.25581,0.651942
468839,DSC_9447.JPG,78_50_3,0.016574586,178,181,0.142696629,0.140331492,273,27505,10.5183,3435.82,0.85035,0.336579,0.321105,160,10,14,1.39525,0.845304
468836,DSC_9451.JPG,73_50_13,0.016574586,178,181,0.142696629,0.140331492,272,14091,10.378,2343.69,0.901701,0.336579,0.346941,148,6,34,1.31094,0.770958
468834,DSC_9453.JPG,38_24_16,0.016574586,178,181,0.142696629,0.140331492,245,21041,12.5369,3876.47,0.450106,0.336579,0.330622,138,7,13,1.31579,1.08884
468831,DSC_9462.JPG,38_24_6,0.016574586,178,181,0.142696629,0.140331492,396,23876,16.1245,4907.25,4.30356,0.336579,0.341827,214,24,22,1.08403,0.961776
468830,DSC_9467.JPG,38_24_7,0.016574586,178,181,0.142696629,0.140331492,299,19313,11.8346,3327.73,0.701021,0.336579,0.336989,189,12,15,0.945679,0.828923
468828,DSC_9469.JPG,78_50_14,0.016574586,178,181,0.142696629,0.140331492,408,31167,11.9838,3681.87,0.578164,0.336579,0.331716,295,10,24,1.51192,0.869831
468821,DSC_9484.JPG,81_50_1,0.016574586,178,181,0.142696629,0.140331492,271,12930,10.2018,1689.19,0.761644,0.283028,0.322197,193,9,6,1.43343,0.700825
468820,DSC_9485.JPG,41_24_12,0.016574586,178,181,0.142696629,0.140331492,249,13778,10.7703,1859.21,2.09449,0.283028,0.321245,196,17,23,1.43918,0.692959
468800,DSC_9516.JPG,73_50_1,0.016574586,178,181,0.142696629,0.140331492,325,14776,10.2579,1717.73,1.38958,0.283028,0.315807,251,18,13,0.925509,0.73874
468796,DSC_9522.JPG,73_50_7,0.016574586,178,181,0.142696629,0.140331492,283,20785,11.1355,3180.12,1.21703,0.336579,0.345478,162,7,16,1.5148,0.994613
468792,DSC_9536.JPG,73_50_2,0.016574586,178,181,0.142696629,0.140331492,372,25697,11.4865,3767.69,1.24931,0.336579,0.335207,256,10,40,1.6537,0.893312
468791,DSC_9538.JPG,44_24_13,0.016574586,178,181,0.142696629,0.140331492,363,24684,10.7735,2948.28,0.793617,0.336579,0.342213,208,8,16,1.44517,0.730114
468788,DSC_9543.JPG,83_50_7,0.016574586,178,181,0.142696629,0.140331492,348,22495,10.9666,2185.61,1.38072,0.283028,0.321134,311,19,39,0.999162,0.608571
468786,DSC_9545.JPG,83_50_4,0.016574586,178,181,0.142696629,0.140331492,256,15083,11.3165,1870.88,0.825175,0.336579,0.326034,189,21,14,1.25066,0.595343
468785,DSC_9546.JPG,78_50_8,0.016574586,178,181,0.142696629,0.140331492,391,19125,10.6366,1852.96,1.13422,0.283028,0.319655,336,21,22,0.968055,0.516409
468784,DSC_9547.JPG,42_24_3,0.016574586,178,181,0.142696629,0.140331492,276,15695,10.4907,2443.31,1.34642,0.336579,0.332037,219,19,22,1.19803,1.00873
468783,DSC_9548.JPG,41_24_1,0.016574586,178,181,0.142696629,0.140331492,359,26222,5.65685,4333.29,0.526699,0.336579,0.331023,198,21,20,1.05948,1.06172
468779,DSC_9553.JPG,43_24_1,0.016574586,178,181,0.142696629,0.140331492,269,17758,11.702,3142.56,0.562318,0.336579,0.32886,156,5,18,1.67954,0.789692
468776,DSC_9556.JPG,42_24_5,0.016574586,178,181,0.142696629,0.140331492,336,20278,10.3093,2599.26,1.13212,0.336579,0.325278,244,24,22,1.09765,0.77696
468773,DSC_9559.JPG,42_24_7,0.016574586,178,181,0.142696629,0.140331492,271,26570,11.5545,3897.73,1.50704,0.336579,0.321874,130,15,14,1.49653,0.753913
468772,DSC_9560.JPG,42_24_13,0.016574586,178,181,0.142696629,0.140331492,341,21820,10.6266,2979.43,1.2536,0.336579,0.335999,222,11,19,1.39842,0.770427
468755,DSC_9582.JPG,39_24_11,0.016574586,178,181,0.142696629,0.140331492,331,22949,4.11953,3237.98,1.20884,0.336579,0.323995,181,10,19,1.05657,1.02533
468750,DSC_9588.JPG,41_24_13,0.016574586,178,181,0.142696629,0.140331492,376,12382,10.378,1570.79,1.43829,0.336579,0.323923,232,3,35,1.34599,0.804596
468749,DSC_9590.JPG,42_24_8,0.016574586,178,181,0.142696629,0.140331492,288,19879,11.4918,3307.42,0.569578,0.336579,0.331578,162,9,15,1.39722,0.901043
468745,DSC_9600.JPG,39_24_16,0.016574586,178,181,0.142696629,0.140331492,344,18101,10.6697,2579.68,1.82768,0.336579,0.334628,258,49,25,0.959596,0.835923
468743,DSC_9602.JPG,39_24_14,0.016574586,178,181,0.142696629,0.140331492,317,25049,11.3247,3471.12,0.634812,0.336579,0.320135,209,14,14,1.59057,0.912045
468742,DSC_9609.JPG,40_24_11,0.016574586,178,181,0.142696629,0.140331492,313,19318,11.2073,2822.76,0.772316,0.336579,0.333076,238,8,18,1.38141,0.89789
468740,DSC_9611.JPG,38_24_9,0.016574586,178,181,0.142696629,0.140331492,383,23467,10.7446,2808.44,0.831535,0.336579,0.326354,190,11,16,1.23201,0.726898
468739,DSC_9613.JPG,38_24_5,0.016574586,178,181,0.142696629,0.140331492,358,28053,11.2468,3685.73,0.519053,0.336579,0.325702,278,18,33,0.916129,0.789015
468737,DSC_9618.JPG,38_24_10,0.016574586,178,181,0.142696629,0.140331492,428,25530,6.07274,3388.44,0.728399,0.336579,0.328533,250,15,21,1.29157,0.839181
468736,DSC_9622.JPG,39_24_10,0.016574586,178,181,0.142696629,0.140331492,428,32156,11.9487,4267.33,0.93886,0.336579,0.327289,220,7,10,1.48923,0.891359
468731,DSC_9632.JPG,76_50_16,0.016574586,178,181,0.142696629,0.140331492,365,27613,13.4181,4368.88,0.507544,0.336579,0.32552,187,4,14,1.63935,1.1528
468817,DSC_9492.JPG,75_50_1,0.011111111,178,180,0.142696629,0.141111111,308,26507,11.0028,3992.3,0.588129,0.337506,0.33876,220,11,30,1.44452,0.884065
468815,DSC_9497.JPG,74_50_6,0.011111111,178,180,0.142696629,0.141111111,277,16992,10.2318,2468.8,1.37052,0.337506,0.333267,156,11,18,1.41896,0.81188
468759,DSC_9577.JPG,40_24_6,0.011111111,178,180,0.142696629,0.141111111,475,26958,11.3576,3764.06,0.647801,0.337506,0.330923,283,13,18,1.00723,0.616449
468757,DSC_9580.JPG,42_24_14,0.011111111,178,180,0.142696629,0.141111111,411,23510,11.7836,3656.03,1.48348,0.337506,0.333444,210,7,12,1.39412,0.865776
468756,DSC_9581.JPG,44_24_4,0.011111111,178,180,0.142696629,0.141111111,328,27413,11.8322,3818.75,1.61963,0.337506,0.322923,224,15,17,1.58552,0.947871
468752,DSC_9585.JPG,83_50_6,0.011111111,178,180,0.142696629,0.141111111,392,24660,10.4313,2942.34,1.18175,0.310657,0.325384,344,11,40,1.5204,0.69152
468730,DSC_9635.JPG,39_24_8,0.011111111,178,180,0.142696629,0.141111111,440,22696,11.0771,3245.67,0.953437,0.337506,0.341093,304,14,16,1.57539,0.858785
468936,DSC_9315.JPG,78_50_7,0.027173913,179,184,0.141899441,0.138043478,251,12691,11.7958,1873.35,1.04694,0.33291,0.333373,91,7,15,1.39686,1.22735
468933,DSC_9324.JPG,37_24_5,0.027173913,179,184,0.141899441,0.138043478,259,18758,10.5864,2924.4,0.696865,0.33291,0.339332,126,4,15,1.54883,0.832478
468829,DSC_9468.JPG,81_50_4,0.021857923,179,183,0.141899441,0.138797814,291,18565,10.4803,2451.69,1.08993,0.333807,0.329914,180,13,21,1.28583,0.874002
468819,DSC_9487.JPG,83_50_14,0.021857923,179,183,0.141899441,0.138797814,275,19949,10.198,2798.35,0.76684,0.333807,0.330955,149,8,28,1.41354,0.742956
166,DSC_9305.JPG,78_50_6,0.021857923,179,183,0.141899441,0.138797814,208,20321,12.0574564,2814.403899,0.776720716,0.333807173,0.330616048,150,14,16,1.548712726,0.773475821
468769,DSC_9566.JPG,83_50_3,0.016483516,179,182,0.141899441,0.13956044,333,15569,10.7025,2171.86,0.79729,0.334714,0.332535,193,7,19,1.42818,0.532301
468762,DSC_9573.JPG,86_50_1,0.016483516,179,182,0.141899441,0.13956044,302,20728,10.291,2699.62,1.19692,0.28146,0.318507,214,11,20,1.20794,0.816903
468760,DSC_9576.JPG,40_24_5,0.016483516,179,182,0.141899441,0.13956044,391,16713,18.9678,3696.59,5.8146,0.334714,0.323372,211,24,19,1.08509,0.808676
468748,DSC_9591.JPG,76_50_1,0.016483516,179,182,0.141899441,0.13956044,357,23111,11.4891,2974.2,0.578554,0.334714,0.331571,228,12,22,1.44686,0.797377
468734,DSC_9624.JPG,38_24_4,0.016483516,179,182,0.141899441,0.13956044,297,23637,10.799,2744.14,1.12694,0.334714,0.344631,192,14,29,1.17396,0.696725
468758,DSC_9578.JPG,83_50_2,0.011049724,179,181,0.141899441,0.140331492,348,26224,10.7703,3490.1,0.666172,0.335631,0.329807,231,13,22,1.4885,0.801479
469006,DSC_9204.JPG,84_50_5,0.02173913,180,184,0.141111111,0.138043478,207,14830,11.5128,2337.71,1.02326,0.331973,0.352031,87,10,18,1.48513,0.646226
468728,DSC_9642.JPG,40_24_8,0.015544041,190,193,0.133684211,0.131606218,440,24039,10.7831,2469.5,1.34809,0.315485,0.304944,342,21,35,0.98496,0.546268
468714,DSC_9670.JPG,76_50_11,0.015463918,191,194,0.132984293,0.130927835,149,7314,11.6543,3865.3,7.9879,0.394641,0.415557,23,6,6,1.93059,2.00709
468655,DSC_9778.JPG,75_50_13,0.020408163,192,196,0.132291667,0.129591837,454,29010,12.1655,3294.63,0.520941,0.311434,0.304016,281,11,35,1.4124,0.74031
468715,DSC_9669.JPG,76_50_11,0.015384615,192,195,0.132291667,0.13025641,147,4600,11.4467,2747.53,31.9997,0.312224,0.357113,7,1,2,1.26783,2.0009
468713,DSC_9671.JPG,76_50_7,0.015384615,192,195,0.132291667,0.13025641,408,28159,10.4313,2599.08,1.14796,0.312224,0.306972,337,12,29,1.31303,0.777669
468699,DSC_9697.JPG,44_24_6,0.015384615,192,195,0.132291667,0.13025641,650,36241,12.0575,4614.57,0.703322,0.312224,0.308793,354,14,20,1.51628,0.913208
468679,DSC_9731.JPG,75_50_16,0.015384615,192,195,0.132291667,0.13025641,410,31943,10.6697,4543.59,1.15559,0.312224,0.317011,249,35,20,1.001,0.778291
468673,DSC_9749.JPG,87_50_3,0.015384615,192,195,0.132291667,0.13025641,499,36527,11.5545,5049.36,0.684557,0.312224,0.314683,239,17,12,0.939945,0.822758
468729,DSC_9641.JPG,40_24_8,0.010309278,192,194,0.132291667,0.130927835,432,24305,10.7446,2464.75,1.02643,0.313022,0.304726,386,21,32,0.912096,0.57846
468726,DSC_9644.JPG,76_50_14,0.010309278,192,194,0.132291667,0.130927835,519,29193,5.65685,3142.3,0.730751,0.313022,0.310371,404,25,58,0.973712,0.677355
468725,DSC_9647.JPG,89_24_2,0.020304569,193,197,0.131606218,0.12893401,551,29163,12.8986,3433.19,1.13391,0.309836,0.298882,304,4,12,1.31277,0.570994
468724,DSC_9651.JPG,76_50_7,0.020304569,193,197,0.131606218,0.12893401,606,35782,11.3385,3625.09,0.656503,0.309836,0.304853,370,13,19,1.41312,0.65689
468716,DSC_9667.JPG,40_24_16,0.020304569,193,197,0.131606218,0.12893401,317,28126,11.5311,3482.72,0.863485,0.309836,0.300891,238,12,23,1.26697,0.673277
468700,DSC_9696.JPG,87_50_1,0.020304569,193,197,0.131606218,0.12893401,477,26916,12.9578,3414.47,0.499177,0.309836,0.302404,326,10,10,1.53933,0.853768
468696,DSC_9706.JPG,75_50_7,0.020304569,193,197,0.131606218,0.12893401,325,15153,7.82229,1363.2,1.30527,0.309836,0.304925,242,11,36,1.04876,0.653276
468690,DSC_9715.JPG,76_50_5,0.020304569,193,197,0.131606218,0.12893401,371,29871,13.5647,4138.77,1.15526,0.309836,0.32367,242,12,27,1.64624,0.863429
468663,DSC_9764.JPG,41_24_5,0.020304569,193,197,0.131606218,0.12893401,244,12588,10.5627,1569.45,0.703167,0.309836,0.307644,159,7,6,1.26335,0.660373
468661,DSC_9766.JPG,44_24_10,0.020304569,193,197,0.131606218,0.12893401,349,29477,12.1921,3772.61,1.66667,0.309836,0.305167,222,8,24,1.3796,0.722432
468659,DSC_9771.JPG,75_50_4,0.020304569,193,197,0.131606218,0.12893401,404,26217,12.273,3280.66,1.93335,0.309836,0.309993,247,9,26,1.50429,0.628257
468723,DSC_9653.JPG,76_50_6,0.015306122,193,196,0.131606218,0.129591837,709,35029,5.3183,4162.18,0.65097,0.310619,0.311426,404,17,18,0.884314,0.859286
468719,DSC_9660.JPG,40_24_3,0.015306122,193,196,0.131606218,0.129591837,632,30241,11.5958,3232.83,1.10041,0.310619,0.30702,416,8,9,1.26799,0.595408
468717,DSC_9666.JPG,39_24_5,0.015306122,193,196,0.131606218,0.129591837,475,31592,12.6982,3315.95,1.20976,0.310619,0.304142,453,43,25,0.821668,0.588997
468711,DSC_9673.JPG,40_24_14,0.015306122,193,196,0.131606218,0.129591837,541,31276,11.6921,3471.51,1.01892,0.310619,0.301955,451,9,58,1.35931,0.755706
468702,DSC_9691.JPG,44_24_8,0.015306122,193,196,0.131606218,0.129591837,383,24631,11.6341,3535.01,0.824873,0.310619,0.31057,242,8,23,1.50599,0.872496
468701,DSC_9692.JPG,43_24_12,0.015306122,193,196,0.131606218,0.129591837,500,28149,12.331,3771.34,1.46081,0.310619,0.300006,312,15,16,1.49797,0.935466
468693,DSC_9710.JPG,75_50_5,0.015306122,193,196,0.131606218,0.129591837,326,30575,9.8653,2968.27,0.499564,0.310619,0.309655,224,18,31,0.840883,0.766023
468692,DSC_9711.JPG,43_24_8,0.015306122,193,196,0.131606218,0.129591837,298,19782,12.1119,2694.94,2.01079,0.310619,0.30114,229,32,15,1.0574,0.530665
468687,DSC_9720.JPG,44_24_16,0.015306122,193,196,0.131606218,0.129591837,213,10954,11.436,1676.84,1.12595,0.310619,0.3183,142,21,30,0.799107,0.61992
468685,DSC_9724.JPG,39_24_15,0.015306122,193,196,0.131606218,0.129591837,301,29334,3.4641,4039.92,0.50701,0.310619,0.3182,153,3,19,0.565495,0.78987
468684,DSC_9725.JPG,82_50_11,0.015306122,193,196,0.131606218,0.129591837,350,20535,11.8201,3203.25,1.11972,0.310619,0.304987,220,7,20,1.47834,0.738258
468683,DSC_9726.JPG,40_24_4,0.015306122,193,196,0.131606218,0.129591837,341,15963,10.7831,1599.15,0.745021,0.310619,0.300273,223,10,13,0.906751,0.916748
468682,DSC_9727.JPG,75_50_3,0.015306122,193,196,0.131606218,0.129591837,439,26219,9.48097,3139.59,0.837043,0.310619,0.311116,268,11,25,0.718125,0.684321
468680,DSC_9730.JPG,75_50_6,0.015306122,193,196,0.131606218,0.129591837,507,37935,6.72717,4542.11,0.922082,0.310619,0.306319,277,16,29,0.944936,0.784991
468677,DSC_9734.JPG,87_50_2,0.015306122,193,196,0.131606218,0.129591837,419,32258,12.6531,3826.5,1.15915,0.310619,0.305902,268,10,24,1.52638,0.820355
468676,DSC_9742.JPG,40_24_7,0.015306122,193,196,0.131606218,0.129591837,380,26892,14.8629,3507.87,1.27975,0.310619,0.321882,212,7,20,1.37238,1.08039
468675,DSC_9743.JPG,43_24_14,0.015306122,193,196,0.131606218,0.129591837,316,26147,11.8706,3705.78,1.08987,0.310619,0.31006,203,16,17,1.38018,0.859839
468672,DSC_9750.JPG,39_24_4,0.015306122,193,196,0.131606218,0.129591837,453,26725,3.79766,2760.25,0.809599,0.310619,0.308865,296,8,27,0.998168,0.700536
468670,DSC_9752.JPG,75_50_8,0.015306122,193,196,0.131606218,0.129591837,389,24955,12.0825,2800.02,0.582574,0.310619,0.312417,205,10,7,0.540698,0.559109
468665,DSC_9759.JPG,43_24_7,0.015306122,193,196,0.131606218,0.129591837,367,21891,12.3203,2741.11,1.2702,0.310619,0.299085,222,10,25,1.54912,0.659307
468653,DSC_9781.JPG,41_24_4,0.015306122,193,196,0.131606218,0.129591837,320,18712,11.3494,2342.41,1.01335,0.310619,0.311062,210,6,18,1.47688,0.613451
468652,DSC_9782.JPG,43_24_15,0.015306122,193,196,0.131606218,0.129591837,348,23313,11.6543,3179.09,0.765317,0.310619,0.306241,208,8,21,1.35697,0.856869
468722,DSC_9655.JPG,40_24_15,0.01025641,193,195,0.131606218,0.13025641,504,31382,10.9575,2734.43,0.555243,0.311409,0.300194,434,24,20,0.968058,0.594919
468720,DSC_9658.JPG,38_24_14,0.01025641,193,195,0.131606218,0.13025641,379,22942,11.9063,2640.9,0.439983,0.311409,0.301611,273,6,31,1.45556,0.832238
468709,DSC_9677.JPG,40_24_2,0.01025641,193,195,0.131606218,0.13025641,475,32343,11.1006,3312.7,0.651408,0.311409,0.302121,365,20,24,0.888598,0.630117
468678,DSC_9732.JPG,76_50_10,0.01025641,193,195,0.131606218,0.13025641,403,31512,5.3183,4085.12,0.625331,0.311409,0.305776,195,9,21,0.77591,0.934327
468671,DSC_9751.JPG,75_50_14,0.01025641,193,195,0.131606218,0.13025641,478,27839,11.6619,3901.82,0.595667,0.311409,0.318175,352,8,27,1.55636,0.863759
468666,DSC_9758.JPG,75_50_11,0.01025641,193,195,0.131606218,0.13025641,475,38834,12.9042,4762.56,0.857114,0.311409,0.313655,260,7,36,1.50428,0.767297
468705,DSC_9682.JPG,40_24_13,0.02020202,194,198,0.130927835,0.128282828,495,30374,8.92745,2382.1,1.86419,0.308255,0.295726,454,37,18,0.842028,0.694143
468651,DSC_9783.JPG,43_24_3,0.02020202,194,198,0.130927835,0.128282828,240,12325,10.8838,1720.39,1.15761,0.308255,0.311135,108,10,12,1.39007,0.782163
468721,DSC_9656.JPG,44_24_14,0.015228426,194,197,0.130927835,0.12893401,306,19845,12.5794,2663.8,0.779867,0.30903,0.298426,195,14,23,1.52077,0.831171
468712,DSC_9672.JPG,40_24_10,0.015228426,194,197,0.130927835,0.12893401,501,31978,12.2009,3600.27,2.00805,0.30903,0.305103,374,14,47,1.08865,0.915958
468710,DSC_9676.JPG,40_24_10,0.015228426,194,197,0.130927835,0.12893401,285,15713,10.8464,1942.96,1.2134,0.30903,0.300081,144,7,16,1.33551,0.600543
468708,DSC_9679.JPG,41_24_6,0.015228426,194,197,0.130927835,0.12893401,347,30088,12.0369,4348.88,0.676467,0.30903,0.313603,244,8,27,1.44392,1.00729
468707,DSC_9680.JPG,75_50_9,0.015228426,194,197,0.130927835,0.12893401,472,30578,12.1921,3859.38,1.43973,0.30903,0.312276,310,10,27,1.33733,0.869765
468706,DSC_9681.JPG,40_24_1,0.015228426,194,197,0.130927835,0.12893401,614,36725,3.36359,3676.52,0.978967,0.30903,0.30243,476,26,25,0.850049,0.742475
468698,DSC_9698.JPG,39_24_13,0.015228426,194,197,0.130927835,0.12893401,276,14305,4.75683,2090.9,0.819556,0.30903,0.305683,108,12,17,0.844313,0.851142
468697,DSC_9704.JPG,40_24_9,0.015228426,194,197,0.130927835,0.12893401,368,26369,11.5128,2831.42,0.585645,0.30903,0.297325,260,11,32,1.44625,0.72164
468691,DSC_9713.JPG,44_24_5,0.015228426,194,197,0.130927835,0.12893401,238,11822,10.9239,1658.92,0.889394,0.30903,0.304529,115,19,8,0.838812,0.715047
468689,DSC_9716.JPG,76_50_13,0.015228426,194,197,0.130927835,0.12893401,341,20838,11.2044,2304.92,0.879067,0.30903,0.309124,205,11,15,1.40597,0.725945
468688,DSC_9719.JPG,76_50_4,0.015228426,194,197,0.130927835,0.12893401,342,25707,12.8986,3077.4,0.453309,0.30903,0.305036,206,13,15,1.45073,0.845224
468681,DSC_9729.JPG,75_50_6,0.015228426,194,197,0.130927835,0.12893401,436,33092,4.93265,3917.05,0.580728,0.30903,0.304058,237,30,20,0.738151,0.905241
468669,DSC_9753.JPG,75_50_12,0.015228426,194,197,0.130927835,0.12893401,324,25309,11.3137,3020.09,0.343211,0.30903,0.306247,146,21,19,0.77107,0.744747
468664,DSC_9760.JPG,43_24_5,0.015228426,194,197,0.130927835,0.12893401,326,20944,12.49,3597.37,1.36367,0.30903,0.323659,193,5,17,1.12067,0.922127
468662,DSC_9765.JPG,75_50_10,0.015228426,194,197,0.130927835,0.12893401,341,23728,12.7622,3147.66,0.507403,0.30903,0.312995,211,15,19,1.38346,0.731683
468660,DSC_9770.JPG,43_24_4,0.015228426,194,197,0.130927835,0.12893401,302,15005,10.6132,2052.82,0.541255,0.30903,0.312379,148,9,18,1.3043,0.692254
468658,DSC_9773.JPG,42_24_1,0.015228426,194,197,0.130927835,0.12893401,223,19633,12.0231,2854.37,1.55469,0.30903,0.335113,96,8,14,1.32995,0.868315
468657,DSC_9775.JPG,82_50_1,0.015228426,194,197,0.130927835,0.12893401,292,17226,5.67882,2461.46,0.908551,0.30903,0.302659,151,7,20,0.707887,0.761343
468654,DSC_9780.JPG,43_24_10,0.015228426,194,197,0.130927835,0.12893401,296,17536,11.9487,2203.91,0.955993,0.30903,0.301985,225,19,13,1.02517,0.56692
468650,DSC_9785.JPG,43_24_16,0.015228426,194,197,0.130927835,0.12893401,290,18075,12.4632,3166.92,0.410913,0.30903,0.30337,144,7,22,1.34585,0.987046
468727,DSC_9643.JPG,40_24_12,0.010204082,194,196,0.130927835,0.129591837,436,23209,11.4891,2977.04,0.976021,0.309812,0.306042,256,14,14,1.34702,0.615943
468704,DSC_9683.JPG,40_24_13,0.010204082,194,196,0.130927835,0.129591837,483,25300,8.94427,2043.65,1.88943,0.309812,0.297284,398,34,12,0.825559,0.735348
468703,DSC_9684.JPG,39_24_1,0.010204082,194,196,0.130927835,0.129591837,468,32444,6.38687,4116.44,0.505696,0.309812,0.302574,308,27,22,1.04599,0.794422
468694,DSC_9708.JPG,39_24_3,0.010204082,194,196,0.130927835,0.129591837,306,19294,8.25333,2340.08,0.336469,0.309812,0.303362,178,21,3,0.50282,0.62963
468686,DSC_9721.JPG,75_50_15,0.010204082,194,196,0.130927835,0.129591837,406,23137,11.0028,2371.38,0.91095,0.26052,0.298274,295,4,33,1.30775,0.754148
468668,DSC_9754.JPG,76_50_3,0.010204082,194,196,0.130927835,0.129591837,353,22463,10.2018,2032.26,1.12444,0.309812,0.299903,275,15,34,1.09181,0.611751
468667,DSC_9756.JPG,87_50_8,0.010204082,194,196,0.130927835,0.129591837,409,21852,13.122,2647.17,0.498723,0.309812,0.302957,231,9,13,1.58722,0.683016
468656,DSC_9776.JPG,75_50_2,0.010204082,194,196,0.130927835,0.129591837,429,27945,10.5423,2817.76,1.15805,0.309812,0.307007,265,6,30,1.20187,0.77193